{
    "incremental_events": {
        "generated_task": 2400060,
        "computed_task": 1930602,
        "discarded_task": 469457,
        "task_lost_rate": 19.560227477741172
    },
    "mean_events": {
        "latency": 0.08542652046468324
    },
    "commit": "15b4d9e62d227fdea4b2a04c13c473be22151c2f",
    "additional_info": {}
}