{
    "incremental_events": {
        "generated_task": 3600060,
        "computed_task": 3059740,
        "discarded_task": 540310,
        "task_lost_rate": 15.008402661074152
    },
    "mean_events": {
        "latency": 0.08637574103738922
    },
    "commit": "15b4d9e62d227fdea4b2a04c13c473be22151c2f",
    "additional_info": {}
}