{
    "incremental_events": {
        "generated_task": 4800060,
        "discarded_task": 640149,
        "computed_task": 4159911,
        "task_lost_rate": 13.336270796615043
    },
    "mean_events": {
        "latency": 0.0868080986520073
    },
    "commit": "15b4d9e62d227fdea4b2a04c13c473be22151c2f",
    "additional_info": {}
}