{
    "incremental_events": {
        "generated_task": 5400060,
        "computed_task": 4707895,
        "discarded_task": 692165,
        "task_lost_rate": 12.817727951170912
    },
    "mean_events": {
        "latency": 0.08696481239167032
    },
    "commit": "15b4d9e62d227fdea4b2a04c13c473be22151c2f",
    "additional_info": {}
}