{
    "incremental_events": {
        "generated_task": 2400060,
        "discarded_task": 432587,
        "computed_task": 1967452,
        "task_lost_rate": 18.024165440644925
    },
    "mean_events": {
        "latency": 0.08552010086964823
    },
    "commit": "15b4d9e62d227fdea4b2a04c13c473be22151c2f",
    "additional_info": {}
}