{
    "incremental_events": {
        "generated_task": 3000060,
        "computed_task": 2478373,
        "discarded_task": 521678,
        "task_lost_rate": 17.38897105415875
    },
    "mean_events": {
        "latency": 0.08599902716740426
    },
    "commit": "15b4d9e62d227fdea4b2a04c13c473be22151c2f",
    "additional_info": {}
}