{
    "incremental_events": {
        "generated_task": 1800060,
        "computed_task": 1418377,
        "discarded_task": 381672,
        "task_lost_rate": 21.203422795712783
    },
    "mean_events": {
        "latency": 0.08449622525436162
    },
    "commit": "15b4d9e62d227fdea4b2a04c13c473be22151c2f",
    "additional_info": {}
}