{
    "incremental_events": {
        "generated_task": 5400060,
        "computed_task": 4717290,
        "discarded_task": 682765,
        "task_lost_rate": 12.643667518201203
    },
    "mean_events": {
        "latency": 0.08713930618498687
    },
    "commit": "15b4d9e62d227fdea4b2a04c13c473be22151c2f",
    "additional_info": {}
}