{
    "incremental_events": {
        "generated_task": 4800060,
        "computed_task": 4159572,
        "discarded_task": 640482,
        "task_lost_rate": 13.343224888720002
    },
    "mean_events": {
        "latency": 0.08681840183957364
    },
    "commit": "15b4d9e62d227fdea4b2a04c13c473be22151c2f",
    "additional_info": {}
}