{
    "incremental_events": {
        "generated_task": 4800060,
        "computed_task": 4114781,
        "discarded_task": 685274,
        "task_lost_rate": 14.276378083167799
    },
    "mean_events": {
        "latency": 0.08682264543720637
    },
    "commit": "15b4d9e62d227fdea4b2a04c13c473be22151c2f",
    "additional_info": {}
}