{
    "incremental_events": {
        "generated_task": 1200060,
        "computed_task": 877117,
        "discarded_task": 322938,
        "task_lost_rate": 26.910266612780248
    },
    "mean_events": {
        "latency": 0.08284577532345765
    },
    "commit": "15b4d9e62d227fdea4b2a04c13c473be22151c2f",
    "additional_info": {}
}