{
    "incremental_events": {
        "generated_task": 1200060,
        "discarded_task": 320439,
        "computed_task": 879621,
        "task_lost_rate": 26.701914904254785
    },
    "mean_events": {
        "latency": 0.08265475423978816
    },
    "commit": "15b4d9e62d227fdea4b2a04c13c473be22151c2f",
    "additional_info": {}
}