{
    "incremental_events": {
        "generated_task": 4200060,
        "computed_task": 3619754,
        "discarded_task": 580306,
        "task_lost_rate": 13.816612143636043
    },
    "mean_events": {
        "latency": 0.08686309597929125
    },
    "commit": "15b4d9e62d227fdea4b2a04c13c473be22151c2f",
    "additional_info": {}
}