{
    "incremental_events": {
        "generated_task": 3000060,
        "discarded_task": 489190,
        "computed_task": 2510870,
        "task_lost_rate": 16.30600721318907
    },
    "mean_events": {
        "latency": 0.08604816559955951
    },
    "commit": "15b4d9e62d227fdea4b2a04c13c473be22151c2f",
    "additional_info": {}
}