{
    "incremental_events": {
        "generated_task": 2400060,
        "computed_task": 1961381,
        "discarded_task": 438679,
        "task_lost_rate": 18.277834720798648
    },
    "mean_events": {
        "latency": 0.08541962924417297
    },
    "commit": "15b4d9e62d227fdea4b2a04c13c473be22151c2f",
    "additional_info": {}
}