{
    "incremental_events": {
        "generated_task": 1800060,
        "computed_task": 1383254,
        "discarded_task": 416800,
        "task_lost_rate": 23.154860909728264
    },
    "mean_events": {
        "latency": 0.08440983642648962
    },
    "commit": "15b4d9e62d227fdea4b2a04c13c473be22151c2f",
    "additional_info": {}
}