{
    "incremental_events": {
        "generated_task": 3600060,
        "computed_task": 3073311,
        "discarded_task": 526749,
        "task_lost_rate": 14.631672805453242
    },
    "mean_events": {
        "latency": 0.08664527556315736
    },
    "commit": "15b4d9e62d227fdea4b2a04c13c473be22151c2f",
    "additional_info": {}
}