{
    "incremental_events": {
        "generated_task": 4200060,
        "computed_task": 3608885,
        "discarded_task": 591169,
        "task_lost_rate": 14.075271413177068
    },
    "mean_events": {
        "latency": 0.08662707985275228
    },
    "commit": "15b4d9e62d227fdea4b2a04c13c473be22151c2f",
    "additional_info": {}
}