{
    "incremental_events": {
        "generated_task": 4800060,
        "computed_task": 4167149,
        "discarded_task": 632911,
        "task_lost_rate": 13.185481014820649
    },
    "mean_events": {
        "latency": 0.08701561755917822
    },
    "commit": "15b4d9e62d227fdea4b2a04c13c473be22151c2f",
    "additional_info": {}
}