{
    "incremental_events": {
        "generated_task": 3600060,
        "computed_task": 3025631,
        "discarded_task": 574429,
        "task_lost_rate": 15.956095176191509
    },
    "mean_events": {
        "latency": 0.08637752429204403
    },
    "commit": "15b4d9e62d227fdea4b2a04c13c473be22151c2f",
    "additional_info": {}
}