{
    "incremental_events": {
        "generated_task": 1200060,
        "computed_task": 887531,
        "discarded_task": 312528,
        "task_lost_rate": 26.042719566287992
    },
    "mean_events": {
        "latency": 0.08313910853694692
    },
    "commit": "15b4d9e62d227fdea4b2a04c13c473be22151c2f",
    "additional_info": {}
}