{
    "incremental_events": {
        "generated_task": 11250125,
        "computed_task": 5541929,
        "discarded_task": 5708146,
        "task_lost_rate": 50.738737297306905
    },
    "mean_events": {
        "latency": 0.08987236568379958
    },
    "commit": "15b4d9e62d227fdea4b2a04c13c473be22151c2f",
    "additional_info": {}
}