{
    "incremental_events": {
        "generated_task": 3000075,
        "computed_task": 2573019,
        "discarded_task": 427056,
        "task_lost_rate": 14.234844128896778
    },
    "mean_events": {
        "latency": 0.08971669479193106
    },
    "commit": "15b4d9e62d227fdea4b2a04c13c473be22151c2f",
    "additional_info": {}
}