{
    "incremental_events": {
        "generated_task": 11250125,
        "discarded_task": 5744713,
        "computed_task": 5505366,
        "task_lost_rate": 51.06375697450658
    },
    "mean_events": {
        "latency": 0.08988152394978566
    },
    "commit": "15b4d9e62d227fdea4b2a04c13c473be22151c2f",
    "additional_info": {}
}