{
    "incremental_events": {
        "generated_task": 3750125,
        "discarded_task": 2109932,
        "computed_task": 1640149,
        "task_lost_rate": 56.263638038751694
    },
    "mean_events": {
        "latency": 0.08989211177724878
    },
    "commit": "15b4d9e62d227fdea4b2a04c13c473be22151c2f",
    "additional_info": {}
}