{
    "incremental_events": {
        "generated_task": 750075,
        "computed_task": 457867,
        "discarded_task": 292207,
        "task_lost_rate": 38.957089567162704
    },
    "mean_events": {
        "latency": 0.08970840914983835
    },
    "commit": "15b4d9e62d227fdea4b2a04c13c473be22151c2f",
    "additional_info": {}
}