{
    "incremental_events": {
        "generated_task": 6750075,
        "computed_task": 6105751,
        "discarded_task": 644324,
        "task_lost_rate": 9.545434680355404
    },
    "mean_events": {
        "latency": 0.08976463101168447
    },
    "commit": "15b4d9e62d227fdea4b2a04c13c473be22151c2f",
    "additional_info": {}
}