{
    "incremental_events": {
        "generated_task": 4500075,
        "computed_task": 4072191,
        "discarded_task": 427883,
        "task_lost_rate": 9.508354751499642
    },
    "mean_events": {
        "latency": 0.08966382326101013
    },
    "commit": "15b4d9e62d227fdea4b2a04c13c473be22151c2f",
    "additional_info": {}
}