{
    "incremental_events": {
        "generated_task": 5000125,
        "discarded_task": 2716235,
        "computed_task": 2283851,
        "task_lost_rate": 54.32376563123115
    },
    "mean_events": {
        "latency": 0.08988825973103759
    },
    "commit": "15b4d9e62d227fdea4b2a04c13c473be22151c2f",
    "additional_info": {}
}