{
    "incremental_events": {
        "generated_task": 10000125,
        "discarded_task": 5139240,
        "computed_task": 4860845,
        "task_lost_rate": 51.39196316831307
    },
    "mean_events": {
        "latency": 0.0898823708594523
    },
    "commit": "15b4d9e62d227fdea4b2a04c13c473be22151c2f",
    "additional_info": {}
}