{
    "incremental_events": {
        "generated_task": 5250075,
        "computed_task": 4692058,
        "discarded_task": 558006,
        "task_lost_rate": 10.628556147125064
    },
    "mean_events": {
        "latency": 0.08975418548053854
    },
    "commit": "15b4d9e62d227fdea4b2a04c13c473be22151c2f",
    "additional_info": {}
}