{
    "incremental_events": {
        "generated_task": 1250125,
        "computed_task": 406892,
        "discarded_task": 843168,
        "task_lost_rate": 67.45020239028527
    },
    "mean_events": {
        "latency": 0.08982203508093678
    },
    "commit": "15b4d9e62d227fdea4b2a04c13c473be22151c2f",
    "additional_info": {}
}