{
    "incremental_events": {
        "generated_task": 11250125,
        "discarded_task": 5710517,
        "computed_task": 5539556,
        "task_lost_rate": 50.75982173626784
    },
    "mean_events": {
        "latency": 0.08987489238396643
    },
    "commit": "15b4d9e62d227fdea4b2a04c13c473be22151c2f",
    "additional_info": {}
}