{
    "incremental_events": {
        "generated_task": 3750075,
        "computed_task": 3281088,
        "discarded_task": 468986,
        "task_lost_rate": 12.506046547348133
    },
    "mean_events": {
        "latency": 0.089733659021475
    },
    "commit": "15b4d9e62d227fdea4b2a04c13c473be22151c2f",
    "additional_info": {}
}