{
    "incremental_events": {
        "generated_task": 3750075,
        "computed_task": 3333057,
        "discarded_task": 417018,
        "task_lost_rate": 11.120257594848102
    },
    "mean_events": {
        "latency": 0.08975547471477299
    },
    "commit": "15b4d9e62d227fdea4b2a04c13c473be22151c2f",
    "additional_info": {}
}