{
    "incremental_events": {
        "generated_task": 3000075,
        "computed_task": 2629109,
        "discarded_task": 370966,
        "task_lost_rate": 12.365224202728266
    },
    "mean_events": {
        "latency": 0.0897358723198058
    },
    "commit": "15b4d9e62d227fdea4b2a04c13c473be22151c2f",
    "additional_info": {}
}