{
    "incremental_events": {
        "generated_task": 5250075,
        "computed_task": 4739754,
        "discarded_task": 510310,
        "task_lost_rate": 9.720071983884388
    },
    "mean_events": {
        "latency": 0.08977017315685609
    },
    "commit": "15b4d9e62d227fdea4b2a04c13c473be22151c2f",
    "additional_info": {}
}