{
    "incremental_events": {
        "generated_task": 2500125,
        "computed_task": 1052507,
        "discarded_task": 1447575,
        "task_lost_rate": 57.901100843892316
    },
    "mean_events": {
        "latency": 0.08988204050894584
    },
    "commit": "15b4d9e62d227fdea4b2a04c13c473be22151c2f",
    "additional_info": {}
}