{
    "incremental_events": {
        "generated_task": 2250075,
        "computed_task": 1934506,
        "discarded_task": 315569,
        "task_lost_rate": 14.024821394842393
    },
    "mean_events": {
        "latency": 0.089697146387556
    },
    "commit": "15b4d9e62d227fdea4b2a04c13c473be22151c2f",
    "additional_info": {}
}