{
    "incremental_events": {
        "generated_task": 6000075,
        "computed_task": 5447508,
        "discarded_task": 552567,
        "task_lost_rate": 9.209334883313959
    },
    "mean_events": {
        "latency": 0.08977402583386701
    },
    "commit": "15b4d9e62d227fdea4b2a04c13c473be22151c2f",
    "additional_info": {}
}