{
    "incremental_events": {
        "generated_task": 7500125,
        "discarded_task": 3927993,
        "computed_task": 3572083,
        "task_lost_rate": 52.3727092898792
    },
    "mean_events": {
        "latency": 0.08988458488149069
    },
    "commit": "15b4d9e62d227fdea4b2a04c13c473be22151c2f",
    "additional_info": {}
}