{
    "incremental_events": {
        "generated_task": 3750125,
        "discarded_task": 2108641,
        "computed_task": 1641432,
        "task_lost_rate": 56.22933206900239
    },
    "mean_events": {
        "latency": 0.08989242598799926
    },
    "commit": "15b4d9e62d227fdea4b2a04c13c473be22151c2f",
    "additional_info": {}
}