{
    "incremental_events": {
        "generated_task": 750075,
        "computed_task": 384270,
        "discarded_task": 365803,
        "task_lost_rate": 48.76898648531543
    },
    "mean_events": {
        "latency": 0.08979620205788835
    },
    "commit": "15b4d9e62d227fdea4b2a04c13c473be22151c2f",
    "additional_info": {}
}