{
    "incremental_events": {
        "generated_task": 2250075,
        "computed_task": 1921907,
        "discarded_task": 328168,
        "task_lost_rate": 14.584758285834917
    },
    "mean_events": {
        "latency": 0.08972229784234
    },
    "commit": "15b4d9e62d227fdea4b2a04c13c473be22151c2f",
    "additional_info": {}
}