{
    "incremental_events": {
        "generated_task": 5250075,
        "computed_task": 4782346,
        "discarded_task": 467727,
        "task_lost_rate": 8.908961837292548
    },
    "mean_events": {
        "latency": 0.08965868514375787
    },
    "commit": "15b4d9e62d227fdea4b2a04c13c473be22151c2f",
    "additional_info": {}
}