{
    "incremental_events": {
        "generated_task": 6250125,
        "discarded_task": 3322629,
        "computed_task": 2927445,
        "task_lost_rate": 53.16143456861471
    },
    "mean_events": {
        "latency": 0.08988616124286204
    },
    "commit": "15b4d9e62d227fdea4b2a04c13c473be22151c2f",
    "additional_info": {}
}