{
    "incremental_events": {
        "generated_task": 3750125,
        "computed_task": 1696741,
        "discarded_task": 2053332,
        "task_lost_rate": 54.754454113293264
    },
    "mean_events": {
        "latency": 0.08988118615875103
    },
    "commit": "15b4d9e62d227fdea4b2a04c13c473be22151c2f",
    "additional_info": {}
}