{
    "incremental_events": {
        "generated_task": 7500125,
        "computed_task": 3614117,
        "discarded_task": 3885960,
        "task_lost_rate": 51.81226806071457
    },
    "mean_events": {
        "latency": 0.0898717513008075
    },
    "commit": "15b4d9e62d227fdea4b2a04c13c473be22151c2f",
    "additional_info": {}
}