{
    "incremental_events": {
        "generated_task": 6000075,
        "computed_task": 5398059,
        "discarded_task": 602016,
        "task_lost_rate": 10.03347458156773
    },
    "mean_events": {
        "latency": 0.08976021657897276
    },
    "commit": "15b4d9e62d227fdea4b2a04c13c473be22151c2f",
    "additional_info": {}
}