{
    "incremental_events": {
        "generated_task": 6750075,
        "computed_task": 6206567,
        "discarded_task": 543507,
        "task_lost_rate": 8.051867283232747
    },
    "mean_events": {
        "latency": 0.08965251048506696
    },
    "commit": "15b4d9e62d227fdea4b2a04c13c473be22151c2f",
    "additional_info": {}
}