{
    "incremental_events": {
        "generated_task": 6750075,
        "computed_task": 6154661,
        "discarded_task": 595414,
        "task_lost_rate": 8.820850138702163
    },
    "mean_events": {
        "latency": 0.08977664417712926
    },
    "commit": "15b4d9e62d227fdea4b2a04c13c473be22151c2f",
    "additional_info": {}
}