{
    "incremental_events": {
        "generated_task": 2500125,
        "discarded_task": 1447829,
        "computed_task": 1052254,
        "task_lost_rate": 57.91123734692009
    },
    "mean_events": {
        "latency": 0.08989482659221325
    },
    "commit": "15b4d9e62d227fdea4b2a04c13c473be22151c2f",
    "additional_info": {}
}