{
    "incremental_events": {
        "generated_task": 1500075,
        "computed_task": 1117437,
        "discarded_task": 382638,
        "task_lost_rate": 25.507924603769812
    },
    "mean_events": {
        "latency": 0.08972924595315174
    },
    "commit": "15b4d9e62d227fdea4b2a04c13c473be22151c2f",
    "additional_info": {}
}