{
    "incremental_events": {
        "generated_task": 5000125,
        "discarded_task": 2664698,
        "computed_task": 2335388,
        "task_lost_rate": 53.29304335965421
    },
    "mean_events": {
        "latency": 0.0898844195815027
    },
    "commit": "15b4d9e62d227fdea4b2a04c13c473be22151c2f",
    "additional_info": {}
}