{
    "incremental_events": {
        "generated_task": 8750125,
        "discarded_task": 4539073,
        "computed_task": 4211006,
        "task_lost_rate": 51.87465164600228
    },
    "mean_events": {
        "latency": 0.08988135936203753
    },
    "commit": "15b4d9e62d227fdea4b2a04c13c473be22151c2f",
    "additional_info": {}
}