{
    "incremental_events": {
        "generated_task": 7500125,
        "discarded_task": 3931653,
        "computed_task": 3568431,
        "task_lost_rate": 52.421452879727745
    },
    "mean_events": {
        "latency": 0.08988260066388841
    },
    "commit": "15b4d9e62d227fdea4b2a04c13c473be22151c2f",
    "additional_info": {}
}