{
    "incremental_events": {
        "generated_task": 5250075,
        "computed_task": 4740173,
        "discarded_task": 509902,
        "task_lost_rate": 9.712280300757609
    },
    "mean_events": {
        "latency": 0.08976661216712563
    },
    "commit": "15b4d9e62d227fdea4b2a04c13c473be22151c2f",
    "additional_info": {}
}