{
    "incremental_events": {
        "generated_task": 8750125,
        "discarded_task": 4491751,
        "computed_task": 4258321,
        "task_lost_rate": 51.33387473840215
    },
    "mean_events": {
        "latency": 0.08987682635205023
    },
    "commit": "15b4d9e62d227fdea4b2a04c13c473be22151c2f",
    "additional_info": {}
}