{
    "incremental_events": {
        "generated_task": 4500075,
        "computed_task": 4035973,
        "discarded_task": 464075,
        "task_lost_rate": 10.312667775988167
    },
    "mean_events": {
        "latency": 0.08976448586941019
    },
    "commit": "15b4d9e62d227fdea4b2a04c13c473be22151c2f",
    "additional_info": {}
}