{
    "incremental_events": {
        "generated_task": 2500125,
        "discarded_task": 1503905,
        "computed_task": 996167,
        "task_lost_rate": 60.15446755133452
    },
    "mean_events": {
        "latency": 0.08988313287635602
    },
    "commit": "15b4d9e62d227fdea4b2a04c13c473be22151c2f",
    "additional_info": {}
}