{
    "incremental_events": {
        "generated_task": 3750125,
        "discarded_task": 2055027,
        "computed_task": 1695050,
        "task_lost_rate": 54.799594781653816
    },
    "mean_events": {
        "latency": 0.08988981789679117
    },
    "commit": "15b4d9e62d227fdea4b2a04c13c473be22151c2f",
    "additional_info": {}
}