{
    "incremental_events": {
        "generated_task": 6250125,
        "discarded_task": 3325645,
        "computed_task": 2924430,
        "task_lost_rate": 53.209681483822195
    },
    "mean_events": {
        "latency": 0.08988438099829285
    },
    "commit": "15b4d9e62d227fdea4b2a04c13c473be22151c2f",
    "additional_info": {}
}