{
    "incremental_events": {
        "generated_task": 3750075,
        "computed_task": 3360371,
        "discarded_task": 389693,
        "task_lost_rate": 10.391635982745894
    },
    "mean_events": {
        "latency": 0.08967018789372816
    },
    "commit": "15b4d9e62d227fdea4b2a04c13c473be22151c2f",
    "additional_info": {}
}