{
    "incremental_events": {
        "generated_task": 10000125,
        "computed_task": 4897374,
        "discarded_task": 5102711,
        "task_lost_rate": 51.02667627325168
    },
    "mean_events": {
        "latency": 0.08987179706167268
    },
    "commit": "15b4d9e62d227fdea4b2a04c13c473be22151c2f",
    "additional_info": {}
}