{
    "incremental_events": {
        "generated_task": 1250125,
        "discarded_task": 894162,
        "computed_task": 355918,
        "task_lost_rate": 71.52838218354024
    },
    "mean_events": {
        "latency": 0.08982438460990372
    },
    "commit": "15b4d9e62d227fdea4b2a04c13c473be22151c2f",
    "additional_info": {}
}