{
    "incremental_events": {
        "generated_task": 8750125,
        "computed_task": 4254645,
        "discarded_task": 4495434,
        "task_lost_rate": 51.37592472022252
    },
    "mean_events": {
        "latency": 0.08987119999059671
    },
    "commit": "15b4d9e62d227fdea4b2a04c13c473be22151c2f",
    "additional_info": {}
}