{
    "incremental_events": {
        "generated_task": 3750125,
        "discarded_task": 1341035,
        "computed_task": 2409055,
        "task_lost_rate": 35.760075091531135
    },
    "mean_events": {
        "latency": 0.0866885526723084
    },
    "commit": "81ffbd31407f1c7a156131d55425ec4bab2392b8",
    "additional_info": {}
}