{
    "incremental_events": {
        "generated_task": 3750125,
        "discarded_task": 1443286,
        "computed_task": 2306815,
        "task_lost_rate": 38.48659009450679
    },
    "mean_events": {
        "latency": 0.08579545379729764
    },
    "commit": "81ffbd31407f1c7a156131d55425ec4bab2392b8",
    "additional_info": {}
}