{
    "incremental_events": {
        "generated_task": 5000125,
        "discarded_task": 1737015,
        "computed_task": 3263049,
        "task_lost_rate": 34.73985532985178
    },
    "mean_events": {
        "latency": 0.08711352439012987
    },
    "commit": "81ffbd31407f1c7a156131d55425ec4bab2392b8",
    "additional_info": {}
}