{
    "incremental_events": {
        "generated_task": 6250125,
        "computed_task": 4129094,
        "discarded_task": 2121016,
        "task_lost_rate": 33.93565873240631
    },
    "mean_events": {
        "latency": 0.08712371498080879
    },
    "commit": "81ffbd31407f1c7a156131d55425ec4bab2392b8",
    "additional_info": {}
}