{
    "incremental_events": {
        "generated_task": 8750125,
        "discarded_task": 2961080,
        "computed_task": 5789019,
        "task_lost_rate": 33.84053140427326
    },
    "mean_events": {
        "latency": 0.08717554432006644
    },
    "commit": "81ffbd31407f1c7a156131d55425ec4bab2392b8",
    "additional_info": {}
}