{
    "incremental_events": {
        "generated_task": 8750125,
        "discarded_task": 2887455,
        "computed_task": 5862604,
        "task_lost_rate": 32.9992632049681
    },
    "mean_events": {
        "latency": 0.08755198028640707
    },
    "commit": "81ffbd31407f1c7a156131d55425ec4bab2392b8",
    "additional_info": {}
}