{
    "incremental_events": {
        "generated_task": 10000125,
        "discarded_task": 3263601,
        "computed_task": 6736500,
        "task_lost_rate": 32.63568037962817
    },
    "mean_events": {
        "latency": 0.08762332696233287
    },
    "commit": "81ffbd31407f1c7a156131d55425ec4bab2392b8",
    "additional_info": {}
}