{
    "incremental_events": {
        "generated_task": 6250125,
        "discarded_task": 2204242,
        "computed_task": 4045853,
        "task_lost_rate": 35.267335936493765
    },
    "mean_events": {
        "latency": 0.08678981357916667
    },
    "commit": "81ffbd31407f1c7a156131d55425ec4bab2392b8",
    "additional_info": {}
}