{
    "incremental_events": {
        "generated_task": 2500125,
        "discarded_task": 1063515,
        "computed_task": 1436573,
        "task_lost_rate": 42.53910262358765
    },
    "mean_events": {
        "latency": 0.08440389006514105
    },
    "commit": "81ffbd31407f1c7a156131d55425ec4bab2392b8",
    "additional_info": {}
}