{
    "incremental_events": {
        "generated_task": 11250125,
        "computed_task": 7598536,
        "discarded_task": 3651560,
        "task_lost_rate": 32.45803413588648
    },
    "mean_events": {
        "latency": 0.08755903169499257
    },
    "commit": "81ffbd31407f1c7a156131d55425ec4bab2392b8",
    "additional_info": {}
}