{
    "incremental_events": {
        "generated_task": 7500125,
        "discarded_task": 2490116,
        "computed_task": 5010003,
        "task_lost_rate": 33.20101987715128
    },
    "mean_events": {
        "latency": 0.08741999946396224
    },
    "commit": "81ffbd31407f1c7a156131d55425ec4bab2392b8",
    "additional_info": {}
}