{
    "incremental_events": {
        "generated_task": 11250125,
        "discarded_task": 3650009,
        "computed_task": 7600079,
        "task_lost_rate": 32.44427065814952
    },
    "mean_events": {
        "latency": 0.08765403377517837
    },
    "commit": "81ffbd31407f1c7a156131d55425ec4bab2392b8",
    "additional_info": {}
}