{
    "incremental_events": {
        "generated_task": 8750125,
        "discarded_task": 2881415,
        "computed_task": 5868679,
        "task_lost_rate": 32.93010337946084
    },
    "mean_events": {
        "latency": 0.08752149255519132
    },
    "commit": "81ffbd31407f1c7a156131d55425ec4bab2392b8",
    "additional_info": {}
}