{
    "incremental_events": {
        "generated_task": 10000125,
        "discarded_task": 3335378,
        "computed_task": 6664720,
        "task_lost_rate": 33.35345313615927
    },
    "mean_events": {
        "latency": 0.0872983347281274
    },
    "commit": "81ffbd31407f1c7a156131d55425ec4bab2392b8",
    "additional_info": {}
}