{
    "incremental_events": {
        "generated_task": 3750125,
        "computed_task": 2399553,
        "discarded_task": 1350551,
        "task_lost_rate": 36.01369455353772
    },
    "mean_events": {
        "latency": 0.08643688529243879
    },
    "commit": "81ffbd31407f1c7a156131d55425ec4bab2392b8",
    "additional_info": {}
}