{
    "incremental_events": {
        "generated_task": 6250125,
        "discarded_task": 2122553,
        "computed_task": 4127549,
        "task_lost_rate": 33.960293768005705
    },
    "mean_events": {
        "latency": 0.08732341167329301
    },
    "commit": "81ffbd31407f1c7a156131d55425ec4bab2392b8",
    "additional_info": {}
}