{
    "incremental_events": {
        "generated_task": 6250125,
        "computed_task": 4185719,
        "discarded_task": 2064362,
        "task_lost_rate": 33.02936393944334
    },
    "mean_events": {
        "latency": 0.08975062488242497
    },
    "commit": "81ffbd31407f1c7a156131d55425ec4bab2392b8",
    "additional_info": {}
}