{
    "incremental_events": {
        "generated_task": 5000125,
        "computed_task": 3310256,
        "discarded_task": 1689833,
        "task_lost_rate": 33.796058430159945
    },
    "mean_events": {
        "latency": 0.08975662599062505
    },
    "commit": "81ffbd31407f1c7a156131d55425ec4bab2392b8",
    "additional_info": {}
}