{
    "incremental_events": {
        "generated_task": 2500125,
        "discarded_task": 972075,
        "computed_task": 1528019,
        "task_lost_rate": 38.88153805416916
    },
    "mean_events": {
        "latency": 0.08977836373164136
    },
    "commit": "81ffbd31407f1c7a156131d55425ec4bab2392b8",
    "additional_info": {}
}