{
    "incremental_events": {
        "generated_task": 1250125,
        "computed_task": 767277,
        "discarded_task": 482811,
        "task_lost_rate": 38.622160999865606
    },
    "mean_events": {
        "latency": 0.08979282504941005
    },
    "commit": "81ffbd31407f1c7a156131d55425ec4bab2392b8",
    "additional_info": {}
}