{
    "incremental_events": {
        "generated_task": 11250125,
        "discarded_task": 3473093,
        "computed_task": 7777019,
        "task_lost_rate": 30.871630433545903
    },
    "mean_events": {
        "latency": 0.08970018395984751
    },
    "commit": "81ffbd31407f1c7a156131d55425ec4bab2392b8",
    "additional_info": {}
}