{
    "incremental_events": {
        "generated_task": 8750125,
        "computed_task": 6099137,
        "discarded_task": 2650957,
        "task_lost_rate": 30.296325959469694
    },
    "mean_events": {
        "latency": 0.08970653468913961
    },
    "commit": "81ffbd31407f1c7a156131d55425ec4bab2392b8",
    "additional_info": {}
}