{
    "incremental_events": {
        "generated_task": 1250125,
        "discarded_task": 613069,
        "computed_task": 637020,
        "task_lost_rate": 49.04202820759162
    },
    "mean_events": {
        "latency": 0.08991323380390545
    },
    "commit": "81ffbd31407f1c7a156131d55425ec4bab2392b8",
    "additional_info": {}
}