{
    "incremental_events": {
        "generated_task": 8750125,
        "computed_task": 5958491,
        "discarded_task": 2791618,
        "task_lost_rate": 31.903808283988234
    },
    "mean_events": {
        "latency": 0.08973785826922713
    },
    "commit": "81ffbd31407f1c7a156131d55425ec4bab2392b8",
    "additional_info": {}
}