{
    "incremental_events": {
        "generated_task": 3750125,
        "computed_task": 2532162,
        "discarded_task": 1217928,
        "task_lost_rate": 32.47730054478693
    },
    "mean_events": {
        "latency": 0.08972549292559336
    },
    "commit": "81ffbd31407f1c7a156131d55425ec4bab2392b8",
    "additional_info": {}
}