{
    "incremental_events": {
        "generated_task": 8750125,
        "discarded_task": 2729633,
        "computed_task": 6020488,
        "task_lost_rate": 31.195374326823593
    },
    "mean_events": {
        "latency": 0.08971728977739582
    },
    "commit": "81ffbd31407f1c7a156131d55425ec4bab2392b8",
    "additional_info": {}
}