{
    "incremental_events": {
        "generated_task": 8750125,
        "discarded_task": 2760035,
        "computed_task": 5990059,
        "task_lost_rate": 31.542918281792172
    },
    "mean_events": {
        "latency": 0.08970700303352266
    },
    "commit": "81ffbd31407f1c7a156131d55425ec4bab2392b8",
    "additional_info": {}
}