{
    "incremental_events": {
        "generated_task": 1250125,
        "discarded_task": 425421,
        "computed_task": 824672,
        "task_lost_rate": 34.03114808258266
    },
    "mean_events": {
        "latency": 0.08629756970980398
    },
    "commit": "15b4d9e62d227fdea4b2a04c13c473be22151c2f",
    "additional_info": {}
}