{
    "incremental_events": {
        "generated_task": 11250125,
        "computed_task": 7851511,
        "discarded_task": 3398595,
        "task_lost_rate": 30.209448693194535
    },
    "mean_events": {
        "latency": 0.08723464619793447
    },
    "commit": "15b4d9e62d227fdea4b2a04c13c473be22151c2f",
    "additional_info": {}
}