{
    "incremental_events": {
        "generated_task": 5625125,
        "discarded_task": 1722947,
        "computed_task": 3902138,
        "task_lost_rate": 30.629706039997618
    },
    "mean_events": {
        "latency": 0.08628941640530496
    },
    "commit": "15b4d9e62d227fdea4b2a04c13c473be22151c2f",
    "additional_info": {}
}