{
    "incremental_events": {
        "generated_task": 3125125,
        "discarded_task": 968317,
        "computed_task": 2156790,
        "task_lost_rate": 30.98508307075566
    },
    "mean_events": {
        "latency": 0.08678862801375216
    },
    "commit": "15b4d9e62d227fdea4b2a04c13c473be22151c2f",
    "additional_info": {}
}