{
    "incremental_events": {
        "generated_task": 4375125,
        "discarded_task": 1349805,
        "computed_task": 3025290,
        "task_lost_rate": 30.852015784800102
    },
    "mean_events": {
        "latency": 0.08664428495557228
    },
    "commit": "15b4d9e62d227fdea4b2a04c13c473be22151c2f",
    "additional_info": {}
}