{
    "incremental_events": {
        "generated_task": 1250125,
        "computed_task": 824607,
        "discarded_task": 425485,
        "task_lost_rate": 34.03629492869325
    },
    "mean_events": {
        "latency": 0.08581511962632175
    },
    "commit": "15b4d9e62d227fdea4b2a04c13c473be22151c2f",
    "additional_info": {}
}