{
    "incremental_events": {
        "generated_task": 625125,
        "computed_task": 383808,
        "discarded_task": 241291,
        "task_lost_rate": 38.6004456894028
    },
    "mean_events": {
        "latency": 0.0832178437151876
    },
    "commit": "15b4d9e62d227fdea4b2a04c13c473be22151c2f",
    "additional_info": {}
}