{
    "incremental_events": {
        "generated_task": 8125125,
        "discarded_task": 2483020,
        "computed_task": 5642078,
        "task_lost_rate": 30.559877554707647
    },
    "mean_events": {
        "latency": 0.08575329859845128
    },
    "commit": "15b4d9e62d227fdea4b2a04c13c473be22151c2f",
    "additional_info": {}
}