{
    "incremental_events": {
        "generated_task": 2500125,
        "discarded_task": 791535,
        "computed_task": 1708567,
        "task_lost_rate": 31.660108267582682
    },
    "mean_events": {
        "latency": 0.08674423597058165
    },
    "commit": "15b4d9e62d227fdea4b2a04c13c473be22151c2f",
    "additional_info": {}
}