{
    "incremental_events": {
        "generated_task": 11250125,
        "discarded_task": 3433726,
        "computed_task": 7816388,
        "task_lost_rate": 30.52169960233292
    },
    "mean_events": {
        "latency": 0.08580807213698746
    },
    "commit": "15b4d9e62d227fdea4b2a04c13c473be22151c2f",
    "additional_info": {}
}