{
    "incremental_events": {
        "generated_task": 10000125,
        "computed_task": 6949409,
        "discarded_task": 3050703,
        "task_lost_rate": 30.506688325090757
    },
    "mean_events": {
        "latency": 0.08691760199556191
    },
    "commit": "15b4d9e62d227fdea4b2a04c13c473be22151c2f",
    "additional_info": {}
}