{
    "incremental_events": {
        "generated_task": 3750125,
        "discarded_task": 1160625,
        "computed_task": 2589466,
        "task_lost_rate": 30.949248964891783
    },
    "mean_events": {
        "latency": 0.08670382665565174
    },
    "commit": "15b4d9e62d227fdea4b2a04c13c473be22151c2f",
    "additional_info": {}
}