{
    "incremental_events": {
        "generated_task": 6875125,
        "computed_task": 4772317,
        "discarded_task": 2102790,
        "task_lost_rate": 30.585560341097235
    },
    "mean_events": {
        "latency": 0.08703959150200849
    },
    "commit": "15b4d9e62d227fdea4b2a04c13c473be22151c2f",
    "additional_info": {}
}