{
    "incremental_events": {
        "generated_task": 6875125,
        "computed_task": 4804815,
        "discarded_task": 2070268,
        "task_lost_rate": 30.112625549393368
    },
    "mean_events": {
        "latency": 0.0877236100397819
    },
    "commit": "15b4d9e62d227fdea4b2a04c13c473be22151c2f",
    "additional_info": {}
}