{
    "incremental_events": {
        "generated_task": 6250125,
        "computed_task": 4367371,
        "discarded_task": 1882721,
        "task_lost_rate": 30.123092588077107
    },
    "mean_events": {
        "latency": 0.08768055809208414
    },
    "commit": "15b4d9e62d227fdea4b2a04c13c473be22151c2f",
    "additional_info": {}
}