{
    "incremental_events": {
        "generated_task": 4375125,
        "computed_task": 3008054,
        "discarded_task": 1367008,
        "task_lost_rate": 31.24545435013264
    },
    "mean_events": {
        "latency": 0.08711129838169018
    },
    "commit": "15b4d9e62d227fdea4b2a04c13c473be22151c2f",
    "additional_info": {}
}