{
    "incremental_events": {
        "generated_task": 1875125,
        "discarded_task": 605975,
        "computed_task": 1269122,
        "task_lost_rate": 32.316994800802306
    },
    "mean_events": {
        "latency": 0.0866418689848
    },
    "commit": "15b4d9e62d227fdea4b2a04c13c473be22151c2f",
    "additional_info": {}
}