{
    "incremental_events": {
        "generated_task": 1875125,
        "computed_task": 1238722,
        "discarded_task": 636397,
        "task_lost_rate": 33.939019336906085
    },
    "mean_events": {
        "latency": 0.08598253052664738
    },
    "commit": "15b4d9e62d227fdea4b2a04c13c473be22151c2f",
    "additional_info": {}
}