{
    "incremental_events": {
        "generated_task": 5000125,
        "computed_task": 3487347,
        "discarded_task": 1512759,
        "task_lost_rate": 30.2545386037816
    },
    "mean_events": {
        "latency": 0.08757796108490924
    },
    "commit": "15b4d9e62d227fdea4b2a04c13c473be22151c2f",
    "additional_info": {}
}