{
    "incremental_events": {
        "generated_task": 625125,
        "discarded_task": 233325,
        "computed_task": 391791,
        "task_lost_rate": 37.32507246655021
    },
    "mean_events": {
        "latency": 0.08481657767857703
    },
    "commit": "15b4d9e62d227fdea4b2a04c13c473be22151c2f",
    "additional_info": {}
}