{
    "incremental_events": {
        "generated_task": 8750125,
        "computed_task": 6082305,
        "discarded_task": 2667769,
        "task_lost_rate": 30.48853072556872
    },
    "mean_events": {
        "latency": 0.08694033098986058
    },
    "commit": "15b4d9e62d227fdea4b2a04c13c473be22151c2f",
    "additional_info": {}
}