{
    "incremental_events": {
        "generated_task": 11875125,
        "computed_task": 8297468,
        "discarded_task": 3577602,
        "task_lost_rate": 30.126997146122086
    },
    "mean_events": {
        "latency": 0.08726519854104273
    },
    "commit": "15b4d9e62d227fdea4b2a04c13c473be22151c2f",
    "additional_info": {}
}