{
    "incremental_events": {
        "generated_task": 8125125,
        "computed_task": 5650146,
        "discarded_task": 2474954,
        "task_lost_rate": 30.4605974080319
    },
    "mean_events": {
        "latency": 0.08698224849312165
    },
    "commit": "15b4d9e62d227fdea4b2a04c13c473be22151c2f",
    "additional_info": {}
}