{
    "incremental_events": {
        "generated_task": 1250125,
        "computed_task": 805749,
        "discarded_task": 444364,
        "task_lost_rate": 35.54590665003884
    },
    "mean_events": {
        "latency": 0.08521418869205906
    },
    "commit": "15b4d9e62d227fdea4b2a04c13c473be22151c2f",
    "additional_info": {}
}