{
    "incremental_events": {
        "generated_task": 3125125,
        "computed_task": 2103347,
        "discarded_task": 1021757,
        "task_lost_rate": 32.69513590587705
    },
    "mean_events": {
        "latency": 0.08666327457905214
    },
    "commit": "15b4d9e62d227fdea4b2a04c13c473be22151c2f",
    "additional_info": {}
}