{
    "incremental_events": {
        "generated_task": 9375125,
        "discarded_task": 2874949,
        "computed_task": 6500157,
        "task_lost_rate": 30.66577593896005
    },
    "mean_events": {
        "latency": 0.08570946008985963
    },
    "commit": "15b4d9e62d227fdea4b2a04c13c473be22151c2f",
    "additional_info": {}
}