{
    "incremental_events": {
        "generated_task": 10625125,
        "computed_task": 7390380,
        "discarded_task": 3234725,
        "task_lost_rate": 30.44416972820504
    },
    "mean_events": {
        "latency": 0.08682998421699957
    },
    "commit": "15b4d9e62d227fdea4b2a04c13c473be22151c2f",
    "additional_info": {}
}