{
    "incremental_events": {
        "generated_task": 5625125,
        "computed_task": 3894204,
        "discarded_task": 1730893,
        "task_lost_rate": 30.77090048402721
    },
    "mean_events": {
        "latency": 0.08718937496013585
    },
    "commit": "15b4d9e62d227fdea4b2a04c13c473be22151c2f",
    "additional_info": {}
}