{
    "incremental_events": {
        "generated_task": 5000125,
        "discarded_task": 1532510,
        "computed_task": 3467572,
        "task_lost_rate": 30.649697344963545
    },
    "mean_events": {
        "latency": 0.08650256063653479
    },
    "commit": "15b4d9e62d227fdea4b2a04c13c473be22151c2f",
    "additional_info": {}
}