{
    "incremental_events": {
        "generated_task": 3750125,
        "computed_task": 2602798,
        "discarded_task": 1147283,
        "task_lost_rate": 30.59355251259906
    },
    "mean_events": {
        "latency": 0.08738622591684744
    },
    "commit": "15b4d9e62d227fdea4b2a04c13c473be22151c2f",
    "additional_info": {}
}