{
    "incremental_events": {
        "generated_task": 8125125,
        "computed_task": 5682429,
        "discarded_task": 2442667,
        "task_lost_rate": 30.063238637426558
    },
    "mean_events": {
        "latency": 0.08778422429440493
    },
    "commit": "15b4d9e62d227fdea4b2a04c13c473be22151c2f",
    "additional_info": {}
}