{
    "incremental_events": {
        "generated_task": 10000125,
        "computed_task": 6987326,
        "discarded_task": 3012781,
        "task_lost_rate": 30.127487635882293
    },
    "mean_events": {
        "latency": 0.08785095935828938
    },
    "commit": "15b4d9e62d227fdea4b2a04c13c473be22151c2f",
    "additional_info": {}
}