{
    "incremental_events": {
        "generated_task": 10625125,
        "discarded_task": 3252254,
        "computed_task": 7372832,
        "task_lost_rate": 30.60920165728541
    },
    "mean_events": {
        "latency": 0.08572603634348627
    },
    "commit": "15b4d9e62d227fdea4b2a04c13c473be22151c2f",
    "additional_info": {}
}