{
    "incremental_events": {
        "generated_task": 625125,
        "computed_task": 371871,
        "discarded_task": 253230,
        "task_lost_rate": 40.510253543027446
    },
    "mean_events": {
        "latency": 0.08264174287619316
    },
    "commit": "15b4d9e62d227fdea4b2a04c13c473be22151c2f",
    "additional_info": {}
}