{
    "incremental_events": {
        "generated_task": 8750125,
        "computed_task": 6079543,
        "discarded_task": 2670539,
        "task_lost_rate": 30.52015969678913
    },
    "mean_events": {
        "latency": 0.08719340969468906
    },
    "commit": "15b4d9e62d227fdea4b2a04c13c473be22151c2f",
    "additional_info": {}
}