{
    "incremental_events": {
        "generated_task": 6875125,
        "computed_task": 4740217,
        "discarded_task": 2134865,
        "task_lost_rate": 31.052211449987073
    },
    "mean_events": {
        "latency": 0.08704455905291862
    },
    "commit": "15b4d9e62d227fdea4b2a04c13c473be22151c2f",
    "additional_info": {}
}