{
    "incremental_events": {
        "generated_task": 1875125,
        "computed_task": 1243037,
        "discarded_task": 632053,
        "task_lost_rate": 33.70787535531628
    },
    "mean_events": {
        "latency": 0.08614702082495389
    },
    "commit": "15b4d9e62d227fdea4b2a04c13c473be22151c2f",
    "additional_info": {}
}