{
    "incremental_events": {
        "generated_task": 6875125,
        "discarded_task": 2110380,
        "computed_task": 4764709,
        "task_lost_rate": 30.696038989458902
    },
    "mean_events": {
        "latency": 0.08572395857184807
    },
    "commit": "15b4d9e62d227fdea4b2a04c13c473be22151c2f",
    "additional_info": {}
}