{
    "incremental_events": {
        "generated_task": 4375125,
        "computed_task": 3037957,
        "discarded_task": 1337139,
        "task_lost_rate": 30.562506514142772
    },
    "mean_events": {
        "latency": 0.08749813387393386
    },
    "commit": "15b4d9e62d227fdea4b2a04c13c473be22151c2f",
    "additional_info": {}
}