{
    "incremental_events": {
        "generated_task": 8750125,
        "computed_task": 6118841,
        "discarded_task": 2631276,
        "task_lost_rate": 30.071323617729913
    },
    "mean_events": {
        "latency": 0.08781037510773532
    },
    "commit": "15b4d9e62d227fdea4b2a04c13c473be22151c2f",
    "additional_info": {}
}