{
    "incremental_events": {
        "generated_task": 3125125,
        "computed_task": 2161792,
        "discarded_task": 963321,
        "task_lost_rate": 30.82515736230978
    },
    "mean_events": {
        "latency": 0.0872405574263153
    },
    "commit": "15b4d9e62d227fdea4b2a04c13c473be22151c2f",
    "additional_info": {}
}