{
    "incremental_events": {
        "generated_task": 11250125,
        "computed_task": 7871138,
        "discarded_task": 3378948,
        "task_lost_rate": 30.034863733486127
    },
    "mean_events": {
        "latency": 0.08787776859306526
    },
    "commit": "15b4d9e62d227fdea4b2a04c13c473be22151c2f",
    "additional_info": {}
}