{
    "incremental_events": {
        "generated_task": 9375125,
        "computed_task": 6549804,
        "discarded_task": 2825276,
        "task_lost_rate": 30.13602017262786
    },
    "mean_events": {
        "latency": 0.08783397581586548
    },
    "commit": "15b4d9e62d227fdea4b2a04c13c473be22151c2f",
    "additional_info": {}
}