{
    "incremental_events": {
        "generated_task": 3750125,
        "computed_task": 2548850,
        "discarded_task": 1201244,
        "task_lost_rate": 32.03237038858226
    },
    "mean_events": {
        "latency": 0.08678705247207984
    },
    "commit": "15b4d9e62d227fdea4b2a04c13c473be22151c2f",
    "additional_info": {}
}