{
    "incremental_events": {
        "generated_task": 11250125,
        "computed_task": 7814183,
        "discarded_task": 3435933,
        "task_lost_rate": 30.541311751807715
    },
    "mean_events": {
        "latency": 0.08681742254361778
    },
    "commit": "15b4d9e62d227fdea4b2a04c13c473be22151c2f",
    "additional_info": {}
}