{
    "incremental_events": {
        "generated_task": 700035,
        "computed_task": 584146,
        "discarded_task": 115889,
        "task_lost_rate": 16.554743691386857
    },
    "mean_events": {
        "latency": 0.07591581457965238
    },
    "commit": "15b4d9e62d227fdea4b2a04c13c473be22151c2f",
    "additional_info": {}
}