{
    "incremental_events": {
        "generated_task": 1750035,
        "computed_task": 1612651,
        "discarded_task": 137384,
        "task_lost_rate": 7.850357278568715
    },
    "mean_events": {
        "latency": 0.05936179514609964
    },
    "commit": "15b4d9e62d227fdea4b2a04c13c473be22151c2f",
    "additional_info": {}
}