{
    "incremental_events": {
        "generated_task": 2450035,
        "discarded_task": 136017,
        "computed_task": 2314018,
        "task_lost_rate": 5.551634976643191
    },
    "mean_events": {
        "latency": 0.062464745951658275
    },
    "commit": "15b4d9e62d227fdea4b2a04c13c473be22151c2f",
    "additional_info": {}
}