{
    "incremental_events": {
        "generated_task": 1050035,
        "computed_task": 948003,
        "discarded_task": 102032,
        "task_lost_rate": 9.7170094330189
    },
    "mean_events": {
        "latency": 0.0677289387411403
    },
    "commit": "15b4d9e62d227fdea4b2a04c13c473be22151c2f",
    "additional_info": {}
}