{
    "incremental_events": {
        "generated_task": 2100035,
        "computed_task": 1953319,
        "discarded_task": 146716,
        "task_lost_rate": 6.986359751147004
    },
    "mean_events": {
        "latency": 0.058687057708242236
    },
    "commit": "15b4d9e62d227fdea4b2a04c13c473be22151c2f",
    "additional_info": {}
}