{
    "incremental_events": {
        "generated_task": 2800035,
        "computed_task": 2634454,
        "discarded_task": 165581,
        "task_lost_rate": 5.9135332236918465
    },
    "mean_events": {
        "latency": 0.05789097886623699
    },
    "commit": "15b4d9e62d227fdea4b2a04c13c473be22151c2f",
    "additional_info": {}
}