{
    "incremental_events": {
        "generated_task": 2800035,
        "computed_task": 2651486,
        "discarded_task": 148549,
        "task_lost_rate": 5.305255112882517
    },
    "mean_events": {
        "latency": 0.06301670324145074
    },
    "commit": "15b4d9e62d227fdea4b2a04c13c473be22151c2f",
    "additional_info": {}
}