{
    "incremental_events": {
        "generated_task": 350035,
        "discarded_task": 98250,
        "computed_task": 251785,
        "task_lost_rate": 28.068621709257645
    },
    "mean_events": {
        "latency": 0.06860378624768887
    },
    "commit": "15b4d9e62d227fdea4b2a04c13c473be22151c2f",
    "additional_info": {}
}