{
    "incremental_events": {
        "generated_task": 1050035,
        "computed_task": 930172,
        "discarded_task": 119863,
        "task_lost_rate": 11.415143304746984
    },
    "mean_events": {
        "latency": 0.0618867608090975
    },
    "commit": "15b4d9e62d227fdea4b2a04c13c473be22151c2f",
    "additional_info": {}
}