{
    "incremental_events": {
        "generated_task": 1400035,
        "computed_task": 1271387,
        "discarded_task": 128648,
        "task_lost_rate": 9.1889131343145
    },
    "mean_events": {
        "latency": 0.06052575754969822
    },
    "commit": "15b4d9e62d227fdea4b2a04c13c473be22151c2f",
    "additional_info": {}
}