{
    "incremental_events": {
        "generated_task": 350035,
        "computed_task": 235019,
        "discarded_task": 115016,
        "task_lost_rate": 32.85842844287
    },
    "mean_events": {
        "latency": 0.06694901712751167
    },
    "commit": "15b4d9e62d227fdea4b2a04c13c473be22151c2f",
    "additional_info": {}
}