{
    "incremental_events": {
        "generated_task": 700035,
        "computed_task": 600790,
        "discarded_task": 99245,
        "task_lost_rate": 14.17714828544287
    },
    "mean_events": {
        "latency": 0.06914270930493685
    },
    "commit": "15b4d9e62d227fdea4b2a04c13c473be22151c2f",
    "additional_info": {}
}