{
    "incremental_events": {
        "generated_task": 700035,
        "discarded_task": 99127,
        "computed_task": 600908,
        "task_lost_rate": 14.16029198540073
    },
    "mean_events": {
        "latency": 0.07710080478597874
    },
    "commit": "15b4d9e62d227fdea4b2a04c13c473be22151c2f",
    "additional_info": {}
}