{
    "incremental_events": {
        "generated_task": 2100035,
        "computed_task": 1961521,
        "discarded_task": 138514,
        "task_lost_rate": 6.595794831990895
    },
    "mean_events": {
        "latency": 0.06460822159553407
    },
    "commit": "15b4d9e62d227fdea4b2a04c13c473be22151c2f",
    "additional_info": {}
}