{
    "incremental_events": {
        "generated_task": 350035,
        "computed_task": 239152,
        "discarded_task": 110883,
        "task_lost_rate": 31.677689373919748
    },
    "mean_events": {
        "latency": 0.05901327098752629
    },
    "commit": "15b4d9e62d227fdea4b2a04c13c473be22151c2f",
    "additional_info": {}
}