{
    "incremental_events": {
        "generated_task": 1750035,
        "computed_task": 1616829,
        "discarded_task": 133206,
        "task_lost_rate": 7.6116191961875055
    },
    "mean_events": {
        "latency": 0.06594027643138156
    },
    "commit": "15b4d9e62d227fdea4b2a04c13c473be22151c2f",
    "additional_info": {}
}