{
    "incremental_events": {
        "generated_task": 3150035,
        "computed_task": 3005497,
        "discarded_task": 144538,
        "task_lost_rate": 4.588456953652896
    },
    "mean_events": {
        "latency": 0.060901969147469585
    },
    "commit": "15b4d9e62d227fdea4b2a04c13c473be22151c2f",
    "additional_info": {}
}