{
    "incremental_events": {
        "generated_task": 3150035,
        "computed_task": 2996050,
        "discarded_task": 153985,
        "task_lost_rate": 4.8883583833195505
    },
    "mean_events": {
        "latency": 0.06236197390116593
    },
    "commit": "15b4d9e62d227fdea4b2a04c13c473be22151c2f",
    "additional_info": {}
}