{
    "incremental_events": {
        "generated_task": 3150035,
        "discarded_task": 156584,
        "computed_task": 2993451,
        "task_lost_rate": 4.970865403082823
    },
    "mean_events": {
        "latency": 0.060744787154782265
    },
    "commit": "15b4d9e62d227fdea4b2a04c13c473be22151c2f",
    "additional_info": {}
}