{
    "incremental_events": {
        "generated_task": 1750035,
        "discarded_task": 116711,
        "computed_task": 1633319,
        "task_lost_rate": 6.669085672817038
    },
    "mean_events": {
        "latency": 0.06550547672303007
    },
    "commit": "15b4d9e62d227fdea4b2a04c13c473be22151c2f",
    "additional_info": {}
}