{
    "incremental_events": {
        "generated_task": 2800035,
        "computed_task": 2663548,
        "discarded_task": 136487,
        "task_lost_rate": 4.874474783350922
    },
    "mean_events": {
        "latency": 0.0615428685239703
    },
    "commit": "15b4d9e62d227fdea4b2a04c13c473be22151c2f",
    "additional_info": {}
}