{
    "incremental_events": {
        "generated_task": 2100035,
        "computed_task": 1979541,
        "discarded_task": 120494,
        "task_lost_rate": 5.737713895244603
    },
    "mean_events": {
        "latency": 0.06347830838406202
    },
    "commit": "15b4d9e62d227fdea4b2a04c13c473be22151c2f",
    "additional_info": {}
}