{
    "incremental_events": {
        "generated_task": 11875125,
        "discarded_task": 3136682,
        "computed_task": 8738414,
        "task_lost_rate": 26.413950674588232
    },
    "mean_events": {
        "latency": 0.0897687163821933
    },
    "commit": "15b4d9e62d227fdea4b2a04c13c473be22151c2f",
    "additional_info": {}
}