{
    "incremental_events": {
        "generated_task": 625125,
        "computed_task": 416035,
        "discarded_task": 209064,
        "task_lost_rate": 33.44494232113633
    },
    "mean_events": {
        "latency": 0.08980095016930341
    },
    "commit": "15b4d9e62d227fdea4b2a04c13c473be22151c2f",
    "additional_info": {}
}