{
    "incremental_events": {
        "generated_task": 5625125,
        "discarded_task": 1553218,
        "computed_task": 4071887,
        "task_lost_rate": 27.61224901579615
    },
    "mean_events": {
        "latency": 0.08977991540417717
    },
    "commit": "15b4d9e62d227fdea4b2a04c13c473be22151c2f",
    "additional_info": {}
}