{
    "incremental_events": {
        "generated_task": 5625125,
        "discarded_task": 1567806,
        "computed_task": 4057286,
        "task_lost_rate": 27.871650810333414
    },
    "mean_events": {
        "latency": 0.08978821278685978
    },
    "commit": "15b4d9e62d227fdea4b2a04c13c473be22151c2f",
    "additional_info": {}
}