{
    "incremental_events": {
        "generated_task": 6875125,
        "discarded_task": 1916754,
        "computed_task": 4958339,
        "task_lost_rate": 27.87968104576913
    },
    "mean_events": {
        "latency": 0.0897951993687796
    },
    "commit": "15b4d9e62d227fdea4b2a04c13c473be22151c2f",
    "additional_info": {}
}