{
    "incremental_events": {
        "generated_task": 6875125,
        "computed_task": 4965118,
        "discarded_task": 1909991,
        "task_lost_rate": 27.781246813686884
    },
    "mean_events": {
        "latency": 0.0898101383381246
    },
    "commit": "15b4d9e62d227fdea4b2a04c13c473be22151c2f",
    "additional_info": {}
}