{
    "incremental_events": {
        "generated_task": 8750125,
        "computed_task": 6339682,
        "discarded_task": 2410417,
        "task_lost_rate": 27.547311178993517
    },
    "mean_events": {
        "latency": 0.08981705661195033
    },
    "commit": "15b4d9e62d227fdea4b2a04c13c473be22151c2f",
    "additional_info": {}
}