{
    "incremental_events": {
        "generated_task": 375075,
        "computed_task": 336567,
        "discarded_task": 38507,
        "task_lost_rate": 10.266507409204584
    },
    "mean_events": {
        "latency": 0.08968967349800541
    },
    "commit": "15b4d9e62d227fdea4b2a04c13c473be22151c2f",
    "additional_info": {}
}