{
    "incremental_events": {
        "generated_task": 5625125,
        "computed_task": 4054191,
        "discarded_task": 1570928,
        "task_lost_rate": 27.927018077306453
    },
    "mean_events": {
        "latency": 0.0898089898120349
    },
    "commit": "15b4d9e62d227fdea4b2a04c13c473be22151c2f",
    "additional_info": {}
}