{
    "incremental_events": {
        "generated_task": 3000075,
        "discarded_task": 272990,
        "computed_task": 2727085,
        "task_lost_rate": 9.099439180687149
    },
    "mean_events": {
        "latency": 0.08977215775669986
    },
    "commit": "15b4d9e62d227fdea4b2a04c13c473be22151c2f",
    "additional_info": {}
}