{
    "incremental_events": {
        "generated_task": 10000125,
        "computed_task": 7235073,
        "discarded_task": 2765021,
        "task_lost_rate": 27.64995009046915
    },
    "mean_events": {
        "latency": 0.08975823805364627
    },
    "commit": "15b4d9e62d227fdea4b2a04c13c473be22151c2f",
    "additional_info": {}
}