{
    "incremental_events": {
        "generated_task": 3000075,
        "discarded_task": 238276,
        "computed_task": 2761799,
        "task_lost_rate": 7.9423347749639595
    },
    "mean_events": {
        "latency": 0.08961740341333242
    },
    "commit": "15b4d9e62d227fdea4b2a04c13c473be22151c2f",
    "additional_info": {}
}