{
    "incremental_events": {
        "generated_task": 6875125,
        "computed_task": 4954043,
        "discarded_task": 1921038,
        "task_lost_rate": 27.942041701035958
    },
    "mean_events": {
        "latency": 0.08974569387483271
    },
    "commit": "15b4d9e62d227fdea4b2a04c13c473be22151c2f",
    "additional_info": {}
}