{
    "incremental_events": {
        "generated_task": 6000075,
        "computed_task": 5540647,
        "discarded_task": 459428,
        "task_lost_rate": 7.657037620363079
    },
    "mean_events": {
        "latency": 0.08970586164541196
    },
    "commit": "15b4d9e62d227fdea4b2a04c13c473be22151c2f",
    "additional_info": {}
}