{
    "incremental_events": {
        "generated_task": 4375125,
        "computed_task": 3142721,
        "discarded_task": 1232399,
        "task_lost_rate": 28.168347382471797
    },
    "mean_events": {
        "latency": 0.08980612102104656
    },
    "commit": "15b4d9e62d227fdea4b2a04c13c473be22151c2f",
    "additional_info": {}
}