{
    "incremental_events": {
        "generated_task": 1250125,
        "computed_task": 884444,
        "discarded_task": 365645,
        "task_lost_rate": 29.249517434358673
    },
    "mean_events": {
        "latency": 0.08981302772866054
    },
    "commit": "15b4d9e62d227fdea4b2a04c13c473be22151c2f",
    "additional_info": {}
}