{
    "incremental_events": {
        "generated_task": 3750125,
        "computed_task": 2690285,
        "discarded_task": 1059829,
        "task_lost_rate": 28.26124752474192
    },
    "mean_events": {
        "latency": 0.08980794458583406
    },
    "commit": "15b4d9e62d227fdea4b2a04c13c473be22151c2f",
    "additional_info": {}
}