{
    "incremental_events": {
        "generated_task": 1250125,
        "computed_task": 865143,
        "discarded_task": 384948,
        "task_lost_rate": 30.793598226049145
    },
    "mean_events": {
        "latency": 0.08977896562811898
    },
    "commit": "15b4d9e62d227fdea4b2a04c13c473be22151c2f",
    "additional_info": {}
}