{
    "incremental_events": {
        "generated_task": 11250125,
        "discarded_task": 2975462,
        "computed_task": 8274658,
        "task_lost_rate": 26.44826899624182
    },
    "mean_events": {
        "latency": 0.0897692122518966
    },
    "commit": "15b4d9e62d227fdea4b2a04c13c473be22151c2f",
    "additional_info": {}
}