{
    "incremental_events": {
        "generated_task": 10000125,
        "discarded_task": 2666946,
        "computed_task": 7333165,
        "task_lost_rate": 26.669163972279907
    },
    "mean_events": {
        "latency": 0.08976738397177904
    },
    "commit": "15b4d9e62d227fdea4b2a04c13c473be22151c2f",
    "additional_info": {}
}