{
    "incremental_events": {
        "generated_task": 2500125,
        "computed_task": 1790791,
        "discarded_task": 709296,
        "task_lost_rate": 28.37085269432624
    },
    "mean_events": {
        "latency": 0.08980220019452727
    },
    "commit": "15b4d9e62d227fdea4b2a04c13c473be22151c2f",
    "additional_info": {}
}