{
    "incremental_events": {
        "generated_task": 11875125,
        "discarded_task": 3250457,
        "computed_task": 8624636,
        "task_lost_rate": 27.372055107273685
    },
    "mean_events": {
        "latency": 0.08979860886804242
    },
    "commit": "15b4d9e62d227fdea4b2a04c13c473be22151c2f",
    "additional_info": {}
}