{
    "incremental_events": {
        "generated_task": 6375075,
        "computed_task": 5877426,
        "discarded_task": 497638,
        "task_lost_rate": 7.806007908312764
    },
    "mean_events": {
        "latency": 0.08970476348403682
    },
    "commit": "15b4d9e62d227fdea4b2a04c13c473be22151c2f",
    "additional_info": {}
}