{
    "incremental_events": {
        "generated_task": 8125125,
        "discarded_task": 2254754,
        "computed_task": 5870351,
        "task_lost_rate": 27.750459840211295
    },
    "mean_events": {
        "latency": 0.08979919961605627
    },
    "commit": "15b4d9e62d227fdea4b2a04c13c473be22151c2f",
    "additional_info": {}
}