{
    "incremental_events": {
        "generated_task": 7500125,
        "discarded_task": 2041724,
        "computed_task": 5458371,
        "task_lost_rate": 27.22264184653661
    },
    "mean_events": {
        "latency": 0.08976762354232427
    },
    "commit": "15b4d9e62d227fdea4b2a04c13c473be22151c2f",
    "additional_info": {}
}