{
    "incremental_events": {
        "generated_task": 1125075,
        "computed_task": 1036641,
        "discarded_task": 88433,
        "task_lost_rate": 7.8601940850112975
    },
    "mean_events": {
        "latency": 0.08965329934423458
    },
    "commit": "15b4d9e62d227fdea4b2a04c13c473be22151c2f",
    "additional_info": {}
}