{
    "incremental_events": {
        "generated_task": 4500075,
        "computed_task": 4178363,
        "discarded_task": 321712,
        "task_lost_rate": 7.149036404948807
    },
    "mean_events": {
        "latency": 0.08971521373869666
    },
    "commit": "15b4d9e62d227fdea4b2a04c13c473be22151c2f",
    "additional_info": {}
}