{
    "incremental_events": {
        "generated_task": 375075,
        "discarded_task": 40034,
        "computed_task": 335023,
        "task_lost_rate": 10.674110868481323
    },
    "mean_events": {
        "latency": 0.08974921881064765
    },
    "commit": "15b4d9e62d227fdea4b2a04c13c473be22151c2f",
    "additional_info": {}
}