{
    "incremental_events": {
        "generated_task": 5250075,
        "discarded_task": 447650,
        "computed_task": 4802424,
        "task_lost_rate": 8.526546482963859
    },
    "mean_events": {
        "latency": 0.08964101461076825
    },
    "commit": "15b4d9e62d227fdea4b2a04c13c473be22151c2f",
    "additional_info": {}
}