{
    "incremental_events": {
        "generated_task": 7500125,
        "computed_task": 5428004,
        "discarded_task": 2072107,
        "task_lost_rate": 27.627684443603567
    },
    "mean_events": {
        "latency": 0.08981260886071285
    },
    "commit": "15b4d9e62d227fdea4b2a04c13c473be22151c2f",
    "additional_info": {}
}