{
    "incremental_events": {
        "generated_task": 7125075,
        "discarded_task": 624815,
        "computed_task": 6500243,
        "task_lost_rate": 8.769261948464138
    },
    "mean_events": {
        "latency": 0.08965707255797278
    },
    "commit": "15b4d9e62d227fdea4b2a04c13c473be22151c2f",
    "additional_info": {}
}