{
    "incremental_events": {
        "generated_task": 3750075,
        "computed_task": 3481142,
        "discarded_task": 268925,
        "task_lost_rate": 7.171205207800287
    },
    "mean_events": {
        "latency": 0.08971977864854717
    },
    "commit": "15b4d9e62d227fdea4b2a04c13c473be22151c2f",
    "additional_info": {}
}