{
    "incremental_events": {
        "generated_task": 2500125,
        "discarded_task": 718123,
        "computed_task": 1781987,
        "task_lost_rate": 28.723656159128996
    },
    "mean_events": {
        "latency": 0.08979410980875852
    },
    "commit": "15b4d9e62d227fdea4b2a04c13c473be22151c2f",
    "additional_info": {}
}