{
    "incremental_events": {
        "generated_task": 4500075,
        "discarded_task": 435161,
        "computed_task": 4064914,
        "task_lost_rate": 9.670083276389837
    },
    "mean_events": {
        "latency": 0.08978332246933123
    },
    "commit": "15b4d9e62d227fdea4b2a04c13c473be22151c2f",
    "additional_info": {}
}