{
    "incremental_events": {
        "generated_task": 1250125,
        "discarded_task": 383639,
        "computed_task": 866437,
        "task_lost_rate": 30.689254093351124
    },
    "mean_events": {
        "latency": 0.08979028741346033
    },
    "commit": "15b4d9e62d227fdea4b2a04c13c473be22151c2f",
    "additional_info": {}
}