{
    "incremental_events": {
        "generated_task": 1875075,
        "computed_task": 1739224,
        "discarded_task": 135851,
        "task_lost_rate": 7.245096862792155
    },
    "mean_events": {
        "latency": 0.08971905762782849
    },
    "commit": "15b4d9e62d227fdea4b2a04c13c473be22151c2f",
    "additional_info": {}
}