{
    "incremental_events": {
        "generated_task": 11250125,
        "computed_task": 8148902,
        "discarded_task": 3101192,
        "task_lost_rate": 27.565920782528575
    },
    "mean_events": {
        "latency": 0.08975969163444053
    },
    "commit": "15b4d9e62d227fdea4b2a04c13c473be22151c2f",
    "additional_info": {}
}