{
    "incremental_events": {
        "generated_task": 10625125,
        "computed_task": 7725199,
        "discarded_task": 2899905,
        "task_lost_rate": 27.29295637953285
    },
    "mean_events": {
        "latency": 0.08981952664933152
    },
    "commit": "15b4d9e62d227fdea4b2a04c13c473be22151c2f",
    "additional_info": {}
}