{
    "incremental_events": {
        "generated_task": 6375075,
        "discarded_task": 547369,
        "computed_task": 5827702,
        "task_lost_rate": 8.586084766742205
    },
    "mean_events": {
        "latency": 0.08964906419523341
    },
    "commit": "15b4d9e62d227fdea4b2a04c13c473be22151c2f",
    "additional_info": {}
}