{
    "incremental_events": {
        "generated_task": 6750075,
        "computed_task": 6211583,
        "discarded_task": 538479,
        "task_lost_rate": 7.9773933928310585
    },
    "mean_events": {
        "latency": 0.08970357824260909
    },
    "commit": "15b4d9e62d227fdea4b2a04c13c473be22151c2f",
    "additional_info": {}
}