{
    "incremental_events": {
        "generated_task": 10000125,
        "discarded_task": 2749480,
        "computed_task": 7250636,
        "task_lost_rate": 27.494481064019656
    },
    "mean_events": {
        "latency": 0.08980258779418908
    },
    "commit": "15b4d9e62d227fdea4b2a04c13c473be22151c2f",
    "additional_info": {}
}