{
    "incremental_events": {
        "generated_task": 3125125,
        "computed_task": 2240072,
        "discarded_task": 885035,
        "task_lost_rate": 28.320150318053113
    },
    "mean_events": {
        "latency": 0.08981236434250257
    },
    "commit": "15b4d9e62d227fdea4b2a04c13c473be22151c2f",
    "additional_info": {}
}