{
    "incremental_events": {
        "generated_task": 2500125,
        "computed_task": 1776935,
        "discarded_task": 723167,
        "task_lost_rate": 28.925499839606545
    },
    "mean_events": {
        "latency": 0.08976276699641586
    },
    "commit": "15b4d9e62d227fdea4b2a04c13c473be22151c2f",
    "additional_info": {}
}