{
    "incremental_events": {
        "generated_task": 7500125,
        "computed_task": 5415763,
        "discarded_task": 2084351,
        "task_lost_rate": 27.790924244618147
    },
    "mean_events": {
        "latency": 0.08974593268597765
    },
    "commit": "15b4d9e62d227fdea4b2a04c13c473be22151c2f",
    "additional_info": {}
}