{
    "incremental_events": {
        "generated_task": 8125125,
        "computed_task": 5876914,
        "discarded_task": 2248195,
        "task_lost_rate": 27.669721107741445
    },
    "mean_events": {
        "latency": 0.08975124118700827
    },
    "commit": "15b4d9e62d227fdea4b2a04c13c473be22151c2f",
    "additional_info": {}
}