{
    "incremental_events": {
        "generated_task": 2500125,
        "discarded_task": 725444,
        "computed_task": 1774678,
        "task_lost_rate": 29.01634400241268
    },
    "mean_events": {
        "latency": 0.08979056402182554
    },
    "commit": "15b4d9e62d227fdea4b2a04c13c473be22151c2f",
    "additional_info": {}
}