{
    "incremental_events": {
        "generated_task": 7125075,
        "discarded_task": 764854,
        "computed_task": 6360210,
        "task_lost_rate": 10.734696558515123
    },
    "mean_events": {
        "latency": 0.08976194445134388
    },
    "commit": "15b4d9e62d227fdea4b2a04c13c473be22151c2f",
    "additional_info": {}
}