{
    "incremental_events": {
        "generated_task": 10625125,
        "discarded_task": 2820946,
        "computed_task": 7804155,
        "task_lost_rate": 26.549827620462146
    },
    "mean_events": {
        "latency": 0.08976873219397384
    },
    "commit": "15b4d9e62d227fdea4b2a04c13c473be22151c2f",
    "additional_info": {}
}