{
    "incremental_events": {
        "generated_task": 4875075,
        "discarded_task": 414446,
        "computed_task": 4460628,
        "task_lost_rate": 8.501327364466672
    },
    "mean_events": {
        "latency": 0.08963593626697011
    },
    "commit": "15b4d9e62d227fdea4b2a04c13c473be22151c2f",
    "additional_info": {}
}