{
    "incremental_events": {
        "generated_task": 4875075,
        "computed_task": 4521925,
        "discarded_task": 353150,
        "task_lost_rate": 7.243991118085363
    },
    "mean_events": {
        "latency": 0.08971156899880371
    },
    "commit": "15b4d9e62d227fdea4b2a04c13c473be22151c2f",
    "additional_info": {}
}