{
    "incremental_events": {
        "generated_task": 625125,
        "discarded_task": 214280,
        "computed_task": 410819,
        "task_lost_rate": 34.279370147768596
    },
    "mean_events": {
        "latency": 0.08981451330495957
    },
    "commit": "15b4d9e62d227fdea4b2a04c13c473be22151c2f",
    "additional_info": {}
}