{
    "incremental_events": {
        "generated_task": 4375125,
        "discarded_task": 1226849,
        "computed_task": 3148254,
        "task_lost_rate": 28.041602677696957
    },
    "mean_events": {
        "latency": 0.08979073762780755
    },
    "commit": "15b4d9e62d227fdea4b2a04c13c473be22151c2f",
    "additional_info": {}
}