{
    "incremental_events": {
        "generated_task": 4125075,
        "discarded_task": 345529,
        "computed_task": 3779533,
        "task_lost_rate": 8.376334707211672
    },
    "mean_events": {
        "latency": 0.08962301600889332
    },
    "commit": "15b4d9e62d227fdea4b2a04c13c473be22151c2f",
    "additional_info": {}
}