{
    "incremental_events": {
        "generated_task": 6250125,
        "discarded_task": 1736160,
        "computed_task": 4513947,
        "task_lost_rate": 27.7780844391944
    },
    "mean_events": {
        "latency": 0.08979122438515734
    },
    "commit": "15b4d9e62d227fdea4b2a04c13c473be22151c2f",
    "additional_info": {}
}