{
    "incremental_events": {
        "generated_task": 5625075,
        "computed_task": 5204040,
        "discarded_task": 421035,
        "task_lost_rate": 7.484966867108439
    },
    "mean_events": {
        "latency": 0.08970548690106231
    },
    "commit": "15b4d9e62d227fdea4b2a04c13c473be22151c2f",
    "additional_info": {}
}