{
    "incremental_events": {
        "generated_task": 5250075,
        "computed_task": 4733247,
        "discarded_task": 516814,
        "task_lost_rate": 9.843961813015124
    },
    "mean_events": {
        "latency": 0.08977120617254339
    },
    "commit": "15b4d9e62d227fdea4b2a04c13c473be22151c2f",
    "additional_info": {}
}