{
    "incremental_events": {
        "generated_task": 750075,
        "discarded_task": 59802,
        "computed_task": 690270,
        "task_lost_rate": 7.972834607877644
    },
    "mean_events": {
        "latency": 0.08964137078769714
    },
    "commit": "15b4d9e62d227fdea4b2a04c13c473be22151c2f",
    "additional_info": {}
}