{
    "incremental_events": {
        "generated_task": 4500075,
        "discarded_task": 379898,
        "computed_task": 4120176,
        "task_lost_rate": 8.442038953137216
    },
    "mean_events": {
        "latency": 0.08962916221442024
    },
    "commit": "15b4d9e62d227fdea4b2a04c13c473be22151c2f",
    "additional_info": {}
}