{
    "incremental_events": {
        "generated_task": 2250075,
        "computed_task": 2065039,
        "discarded_task": 185035,
        "task_lost_rate": 8.223507315759393
    },
    "mean_events": {
        "latency": 0.0897294720246795
    },
    "commit": "15b4d9e62d227fdea4b2a04c13c473be22151c2f",
    "additional_info": {}
}