{
    "incremental_events": {
        "generated_task": 9375125,
        "discarded_task": 2580853,
        "computed_task": 6794235,
        "task_lost_rate": 27.528840262619404
    },
    "mean_events": {
        "latency": 0.08980197706455892
    },
    "commit": "15b4d9e62d227fdea4b2a04c13c473be22151c2f",
    "additional_info": {}
}