{
    "incremental_events": {
        "generated_task": 6000075,
        "computed_task": 5415145,
        "discarded_task": 584930,
        "task_lost_rate": 9.748711474439903
    },
    "mean_events": {
        "latency": 0.08976048184032126
    },
    "commit": "15b4d9e62d227fdea4b2a04c13c473be22151c2f",
    "additional_info": {}
}