{
    "incremental_events": {
        "generated_task": 3750125,
        "computed_task": 2685383,
        "discarded_task": 1064728,
        "task_lost_rate": 28.391906266241186
    },
    "mean_events": {
        "latency": 0.0897590338818787
    },
    "commit": "15b4d9e62d227fdea4b2a04c13c473be22151c2f",
    "additional_info": {}
}