{
    "incremental_events": {
        "generated_task": 6250125,
        "computed_task": 4510484,
        "discarded_task": 1739625,
        "task_lost_rate": 27.833514583505664
    },
    "mean_events": {
        "latency": 0.08981047349945549
    },
    "commit": "15b4d9e62d227fdea4b2a04c13c473be22151c2f",
    "additional_info": {}
}