{
    "incremental_events": {
        "generated_task": 11875125,
        "computed_task": 8611193,
        "discarded_task": 3263918,
        "task_lost_rate": 27.485368347293765
    },
    "mean_events": {
        "latency": 0.08976101422142244
    },
    "commit": "15b4d9e62d227fdea4b2a04c13c473be22151c2f",
    "additional_info": {}
}