{
    "incremental_events": {
        "generated_task": 1500075,
        "computed_task": 1390764,
        "discarded_task": 109310,
        "task_lost_rate": 7.286973842623764
    },
    "mean_events": {
        "latency": 0.08970335315982522
    },
    "commit": "15b4d9e62d227fdea4b2a04c13c473be22151c2f",
    "additional_info": {}
}