{
    "incremental_events": {
        "generated_task": 1250125,
        "discarded_task": 380692,
        "computed_task": 869397,
        "task_lost_rate": 30.45319173274863
    },
    "mean_events": {
        "latency": 0.08979231348982072
    },
    "commit": "15b4d9e62d227fdea4b2a04c13c473be22151c2f",
    "additional_info": {}
}