{
    "incremental_events": {
        "generated_task": 1875125,
        "computed_task": 1321825,
        "discarded_task": 553285,
        "task_lost_rate": 29.506802267600303
    },
    "mean_events": {
        "latency": 0.08976221495270338
    },
    "commit": "15b4d9e62d227fdea4b2a04c13c473be22151c2f",
    "additional_info": {}
}