{
    "incremental_events": {
        "generated_task": 5250075,
        "computed_task": 4866824,
        "discarded_task": 383234,
        "task_lost_rate": 7.299614594734001
    },
    "mean_events": {
        "latency": 0.08970768937256608
    },
    "commit": "15b4d9e62d227fdea4b2a04c13c473be22151c2f",
    "additional_info": {}
}