{
    "incremental_events": {
        "generated_task": 3125125,
        "discarded_task": 888385,
        "computed_task": 2236716,
        "task_lost_rate": 28.427401226392362
    },
    "mean_events": {
        "latency": 0.0897970859184565
    },
    "commit": "15b4d9e62d227fdea4b2a04c13c473be22151c2f",
    "additional_info": {}
}