{
    "incremental_events": {
        "generated_task": 10625125,
        "computed_task": 7694157,
        "discarded_task": 2930955,
        "task_lost_rate": 27.585168043405094
    },
    "mean_events": {
        "latency": 0.08976014066195827
    },
    "commit": "15b4d9e62d227fdea4b2a04c13c473be22151c2f",
    "additional_info": {}
}