{
    "incremental_events": {
        "generated_task": 1875075,
        "discarded_task": 140179,
        "computed_task": 1734895,
        "task_lost_rate": 7.475918283758401
    },
    "mean_events": {
        "latency": 0.08962594617184894
    },
    "commit": "15b4d9e62d227fdea4b2a04c13c473be22151c2f",
    "additional_info": {}
}