{
    "incremental_events": {
        "generated_task": 6250125,
        "computed_task": 4502063,
        "discarded_task": 1748047,
        "task_lost_rate": 27.96825975862825
    },
    "mean_events": {
        "latency": 0.08974385181807004
    },
    "commit": "15b4d9e62d227fdea4b2a04c13c473be22151c2f",
    "additional_info": {}
}