{
    "incremental_events": {
        "generated_task": 3375075,
        "discarded_task": 306820,
        "computed_task": 3068254,
        "task_lost_rate": 9.090763639552792
    },
    "mean_events": {
        "latency": 0.08977728245328802
    },
    "commit": "15b4d9e62d227fdea4b2a04c13c473be22151c2f",
    "additional_info": {}
}