{
    "incremental_events": {
        "generated_task": 5000125,
        "discarded_task": 1395593,
        "computed_task": 3604524,
        "task_lost_rate": 27.91120687775906
    },
    "mean_events": {
        "latency": 0.08978628125365049
    },
    "commit": "15b4d9e62d227fdea4b2a04c13c473be22151c2f",
    "additional_info": {}
}