{
    "incremental_events": {
        "generated_task": 5625075,
        "computed_task": 5076601,
        "discarded_task": 548464,
        "task_lost_rate": 9.750358440302467
    },
    "mean_events": {
        "latency": 0.08976713536080043
    },
    "commit": "15b4d9e62d227fdea4b2a04c13c473be22151c2f",
    "additional_info": {}
}