{
    "incremental_events": {
        "generated_task": 3375075,
        "computed_task": 3136756,
        "discarded_task": 238319,
        "task_lost_rate": 7.061146789330608
    },
    "mean_events": {
        "latency": 0.0897223179475225
    },
    "commit": "15b4d9e62d227fdea4b2a04c13c473be22151c2f",
    "additional_info": {}
}