{
    "incremental_events": {
        "generated_task": 2625075,
        "discarded_task": 205806,
        "computed_task": 2419259,
        "task_lost_rate": 7.840034437242506
    },
    "mean_events": {
        "latency": 0.08961971078173073
    },
    "commit": "15b4d9e62d227fdea4b2a04c13c473be22151c2f",
    "additional_info": {}
}