{
    "incremental_events": {
        "generated_task": 9375125,
        "computed_task": 6777476,
        "discarded_task": 2597613,
        "task_lost_rate": 27.70760896243225
    },
    "mean_events": {
        "latency": 0.08975459374473824
    },
    "commit": "15b4d9e62d227fdea4b2a04c13c473be22151c2f",
    "additional_info": {}
}