{
    "incremental_events": {
        "generated_task": 1500075,
        "discarded_task": 111332,
        "computed_task": 1388740,
        "task_lost_rate": 7.4217770880331075
    },
    "mean_events": {
        "latency": 0.08963131452972091
    },
    "commit": "15b4d9e62d227fdea4b2a04c13c473be22151c2f",
    "additional_info": {}
}