{
    "incremental_events": {
        "generated_task": 750075,
        "discarded_task": 64026,
        "computed_task": 686047,
        "task_lost_rate": 8.535969165667876
    },
    "mean_events": {
        "latency": 0.08971367884663371
    },
    "commit": "15b4d9e62d227fdea4b2a04c13c473be22151c2f",
    "additional_info": {}
}