{
    "incremental_events": {
        "generated_task": 3750075,
        "discarded_task": 343497,
        "computed_task": 3406576,
        "task_lost_rate": 9.159741690361761
    },
    "mean_events": {
        "latency": 0.08978084446181114
    },
    "commit": "15b4d9e62d227fdea4b2a04c13c473be22151c2f",
    "additional_info": {}
}