{
    "incremental_events": {
        "generated_task": 11250125,
        "computed_task": 8182041,
        "discarded_task": 3068058,
        "task_lost_rate": 27.271386678463895
    },
    "mean_events": {
        "latency": 0.08982165979876153
    },
    "commit": "15b4d9e62d227fdea4b2a04c13c473be22151c2f",
    "additional_info": {}
}