{
    "incremental_events": {
        "generated_task": 1875125,
        "discarded_task": 546447,
        "computed_task": 1328675,
        "task_lost_rate": 29.14194383085474
    },
    "mean_events": {
        "latency": 0.08978407231554271
    },
    "commit": "15b4d9e62d227fdea4b2a04c13c473be22151c2f",
    "additional_info": {}
}