{
    "incremental_events": {
        "generated_task": 4875075,
        "computed_task": 4389879,
        "discarded_task": 485189,
        "task_lost_rate": 9.952456047792564
    },
    "mean_events": {
        "latency": 0.08977149416659715
    },
    "commit": "15b4d9e62d227fdea4b2a04c13c473be22151c2f",
    "additional_info": {}
}