{
    "incremental_events": {
        "generated_task": 750075,
        "computed_task": 688273,
        "discarded_task": 61801,
        "task_lost_rate": 8.239320387055143
    },
    "mean_events": {
        "latency": 0.08966753413091283
    },
    "commit": "15b4d9e62d227fdea4b2a04c13c473be22151c2f",
    "additional_info": {}
}