{
    "incremental_events": {
        "generated_task": 2250075,
        "discarded_task": 181832,
        "computed_task": 2068240,
        "task_lost_rate": 8.081163624986223
    },
    "mean_events": {
        "latency": 0.08974980937753284
    },
    "commit": "15b4d9e62d227fdea4b2a04c13c473be22151c2f",
    "additional_info": {}
}