{
    "incremental_events": {
        "generated_task": 3750075,
        "discarded_task": 308480,
        "computed_task": 3441577,
        "task_lost_rate": 8.226008298007203
    },
    "mean_events": {
        "latency": 0.08961986896459624
    },
    "commit": "15b4d9e62d227fdea4b2a04c13c473be22151c2f",
    "additional_info": {}
}