{
    "incremental_events": {
        "generated_task": 750075,
        "computed_task": 691032,
        "discarded_task": 59040,
        "task_lost_rate": 7.871244360541388
    },
    "mean_events": {
        "latency": 0.08963880667282671
    },
    "commit": "15b4d9e62d227fdea4b2a04c13c473be22151c2f",
    "additional_info": {}
}