{
    "incremental_events": {
        "generated_task": 5000125,
        "discarded_task": 1387179,
        "computed_task": 3612926,
        "task_lost_rate": 27.742997397054665
    },
    "mean_events": {
        "latency": 0.08978589787913585
    },
    "commit": "15b4d9e62d227fdea4b2a04c13c473be22151c2f",
    "additional_info": {}
}