{
    "incremental_events": {
        "generated_task": 6375075,
        "computed_task": 5745405,
        "discarded_task": 629670,
        "task_lost_rate": 9.877060269879177
    },
    "mean_events": {
        "latency": 0.08975758996649696
    },
    "commit": "15b4d9e62d227fdea4b2a04c13c473be22151c2f",
    "additional_info": {}
}