{
    "incremental_events": {
        "generated_task": 3125125,
        "discarded_task": 891311,
        "computed_task": 2233805,
        "task_lost_rate": 28.520893304440538
    },
    "mean_events": {
        "latency": 0.08978936462854985
    },
    "commit": "15b4d9e62d227fdea4b2a04c13c473be22151c2f",
    "additional_info": {}
}