{
    "incremental_events": {
        "generated_task": 6875125,
        "discarded_task": 1884175,
        "computed_task": 4990927,
        "task_lost_rate": 27.405775216134977
    },
    "mean_events": {
        "latency": 0.08976844209049013
    },
    "commit": "15b4d9e62d227fdea4b2a04c13c473be22151c2f",
    "additional_info": {}
}