{
    "incremental_events": {
        "generated_task": 1500075,
        "computed_task": 1384513,
        "discarded_task": 115562,
        "task_lost_rate": 7.703748145926037
    },
    "mean_events": {
        "latency": 0.08968198043128094
    },
    "commit": "15b4d9e62d227fdea4b2a04c13c473be22151c2f",
    "additional_info": {}
}