{
    "incremental_events": {
        "generated_task": 2250075,
        "discarded_task": 171801,
        "computed_task": 2078270,
        "task_lost_rate": 7.635359062002932
    },
    "mean_events": {
        "latency": 0.0896219392365864
    },
    "commit": "15b4d9e62d227fdea4b2a04c13c473be22151c2f",
    "additional_info": {}
}