{
    "incremental_events": {
        "generated_task": 1500075,
        "discarded_task": 1198163,
        "computed_task": 301830,
        "task_lost_rate": 79.87790609689512
    },
    "mean_events": {
        "latency": 0.06602204086722428
    },
    "commit": "15b4d9e62d227fdea4b2a04c13c473be22151c2f",
    "additional_info": {}
}