{
    "incremental_events": {
        "generated_task": 1250125,
        "discarded_task": 997210,
        "computed_task": 252842,
        "task_lost_rate": 79.7734814231728
    },
    "mean_events": {
        "latency": 0.06931570483650659
    },
    "commit": "15b4d9e62d227fdea4b2a04c13c473be22151c2f",
    "additional_info": {}
}