{
    "incremental_events": {
        "generated_task": 11250125,
        "discarded_task": 5886995,
        "computed_task": 5363085,
        "task_lost_rate": 52.32847233086343
    },
    "mean_events": {
        "latency": 0.0873943417615488
    },
    "commit": "15b4d9e62d227fdea4b2a04c13c473be22151c2f",
    "additional_info": {}
}