{
    "incremental_events": {
        "generated_task": 11250125,
        "computed_task": 641937,
        "discarded_task": 10608046,
        "task_lost_rate": 94.29388471075913
    },
    "mean_events": {
        "latency": 0.0366654266819148
    },
    "commit": "15b4d9e62d227fdea4b2a04c13c473be22151c2f",
    "additional_info": {}
}