{
    "incremental_events": {
        "generated_task": 1500075,
        "computed_task": 1045390,
        "discarded_task": 454679,
        "task_lost_rate": 30.3105390485371
    },
    "mean_events": {
        "latency": 0.08338036981983529
    },
    "commit": "15b4d9e62d227fdea4b2a04c13c473be22151c2f",
    "additional_info": {}
}