{
    "incremental_events": {
        "generated_task": 3750075,
        "computed_task": 3129660,
        "discarded_task": 620409,
        "task_lost_rate": 16.543935591585115
    },
    "mean_events": {
        "latency": 0.08608166466363693
    },
    "commit": "15b4d9e62d227fdea4b2a04c13c473be22151c2f",
    "additional_info": {}
}