{
    "incremental_events": {
        "generated_task": 6750075,
        "computed_task": 6134080,
        "discarded_task": 615995,
        "task_lost_rate": 9.125750454624578
    },
    "mean_events": {
        "latency": 0.08728354547646745
    },
    "commit": "15b4d9e62d227fdea4b2a04c13c473be22151c2f",
    "additional_info": {}
}