{
    "incremental_events": {
        "generated_task": 5250075,
        "computed_task": 4685587,
        "discarded_task": 564488,
        "task_lost_rate": 10.751998780969796
    },
    "mean_events": {
        "latency": 0.08703900612986765
    },
    "commit": "15b4d9e62d227fdea4b2a04c13c473be22151c2f",
    "additional_info": {}
}