{
    "incremental_events": {
        "generated_task": 3750125,
        "discarded_task": 2339444,
        "computed_task": 1410636,
        "task_lost_rate": 62.38384247802714
    },
    "mean_events": {
        "latency": 0.07796237362066698
    },
    "commit": "15b4d9e62d227fdea4b2a04c13c473be22151c2f",
    "additional_info": {}
}