{
    "incremental_events": {
        "generated_task": 5250075,
        "discarded_task": 674791,
        "computed_task": 4575283,
        "task_lost_rate": 12.852980738938156
    },
    "mean_events": {
        "latency": 0.08622562750175863
    },
    "commit": "15b4d9e62d227fdea4b2a04c13c473be22151c2f",
    "additional_info": {}
}