{
    "incremental_events": {
        "generated_task": 3750075,
        "discarded_task": 625984,
        "computed_task": 3124091,
        "task_lost_rate": 16.69257281521036
    },
    "mean_events": {
        "latency": 0.0854248033183405
    },
    "commit": "15b4d9e62d227fdea4b2a04c13c473be22151c2f",
    "additional_info": {}
}