{
    "incremental_events": {
        "generated_task": 5000125,
        "discarded_task": 3001221,
        "computed_task": 1998856,
        "task_lost_rate": 60.02349563816717
    },
    "mean_events": {
        "latency": 0.08109707569781043
    },
    "commit": "15b4d9e62d227fdea4b2a04c13c473be22151c2f",
    "additional_info": {}
}