{
    "incremental_events": {
        "generated_task": 750075,
        "discarded_task": 536564,
        "computed_task": 213441,
        "task_lost_rate": 71.54138972406851
    },
    "mean_events": {
        "latency": 0.06655878945015598
    },
    "commit": "15b4d9e62d227fdea4b2a04c13c473be22151c2f",
    "additional_info": {}
}