{
    "incremental_events": {
        "generated_task": 2500125,
        "discarded_task": 1710622,
        "computed_task": 789449,
        "task_lost_rate": 68.4229367885952
    },
    "mean_events": {
        "latency": 0.07059660342571841
    },
    "commit": "15b4d9e62d227fdea4b2a04c13c473be22151c2f",
    "additional_info": {}
}