{
    "incremental_events": {
        "generated_task": 6000075,
        "computed_task": 5318440,
        "discarded_task": 681635,
        "task_lost_rate": 11.360441327816735
    },
    "mean_events": {
        "latency": 0.08691203415867735
    },
    "commit": "15b4d9e62d227fdea4b2a04c13c473be22151c2f",
    "additional_info": {}
}