{
    "incremental_events": {
        "generated_task": 750075,
        "computed_task": 268534,
        "discarded_task": 481537,
        "task_lost_rate": 64.198855841647
    },
    "mean_events": {
        "latency": 0.06900425816871758
    },
    "commit": "15b4d9e62d227fdea4b2a04c13c473be22151c2f",
    "additional_info": {}
}