{
    "incremental_events": {
        "generated_task": 5000125,
        "computed_task": 391937,
        "discarded_task": 4608049,
        "task_lost_rate": 92.16123805146654
    },
    "mean_events": {
        "latency": 0.05178948929940816
    },
    "commit": "15b4d9e62d227fdea4b2a04c13c473be22151c2f",
    "additional_info": {}
}