{
    "incremental_events": {
        "generated_task": 6750075,
        "computed_task": 6046143,
        "discarded_task": 703931,
        "task_lost_rate": 10.428493080224008
    },
    "mean_events": {
        "latency": 0.08705114278302901
    },
    "commit": "15b4d9e62d227fdea4b2a04c13c473be22151c2f",
    "additional_info": {}
}