{
    "incremental_events": {
        "generated_task": 8750125,
        "discarded_task": 4815005,
        "computed_task": 3935074,
        "task_lost_rate": 55.02813174601052
    },
    "mean_events": {
        "latency": 0.08457622466717261
    },
    "commit": "15b4d9e62d227fdea4b2a04c13c473be22151c2f",
    "additional_info": {}
}