{
    "incremental_events": {
        "generated_task": 1250125,
        "computed_task": 209245,
        "discarded_task": 1040757,
        "task_lost_rate": 83.26042678331714
    },
    "mean_events": {
        "latency": 0.06672777453017008
    },
    "commit": "15b4d9e62d227fdea4b2a04c13c473be22151c2f",
    "additional_info": {}
}