{
    "incremental_events": {
        "generated_task": 1500075,
        "computed_task": 976026,
        "discarded_task": 524049,
        "task_lost_rate": 34.93485325733713
    },
    "mean_events": {
        "latency": 0.08281826317156693
    },
    "commit": "15b4d9e62d227fdea4b2a04c13c473be22151c2f",
    "additional_info": {}
}