{
    "incremental_events": {
        "generated_task": 6250125,
        "discarded_task": 3577365,
        "computed_task": 2672711,
        "task_lost_rate": 57.23714399632901
    },
    "mean_events": {
        "latency": 0.08282720172305198
    },
    "commit": "15b4d9e62d227fdea4b2a04c13c473be22151c2f",
    "additional_info": {}
}