{
    "incremental_events": {
        "generated_task": 8750125,
        "discarded_task": 4648518,
        "computed_task": 4101542,
        "task_lost_rate": 53.125555710475126
    },
    "mean_events": {
        "latency": 0.0871148912050275
    },
    "commit": "15b4d9e62d227fdea4b2a04c13c473be22151c2f",
    "additional_info": {}
}