{
    "incremental_events": {
        "generated_task": 7500125,
        "computed_task": 491937,
        "discarded_task": 7008047,
        "task_lost_rate": 93.44082600709548
    },
    "mean_events": {
        "latency": 0.043900273319959215
    },
    "commit": "15b4d9e62d227fdea4b2a04c13c473be22151c2f",
    "additional_info": {}
}