{
    "incremental_events": {
        "generated_task": 5000125,
        "discarded_task": 2957725,
        "computed_task": 2042363,
        "task_lost_rate": 59.15345889912338
    },
    "mean_events": {
        "latency": 0.08115331465742816
    },
    "commit": "15b4d9e62d227fdea4b2a04c13c473be22151c2f",
    "additional_info": {}
}