{
    "incremental_events": {
        "generated_task": 3750125,
        "discarded_task": 2158683,
        "computed_task": 1591393,
        "task_lost_rate": 57.56371337540892
    },
    "mean_events": {
        "latency": 0.08527061331053329
    },
    "commit": "15b4d9e62d227fdea4b2a04c13c473be22151c2f",
    "additional_info": {}
}