{
    "incremental_events": {
        "generated_task": 6750075,
        "discarded_task": 6098158,
        "computed_task": 651835,
        "task_lost_rate": 90.34317517070018
    },
    "mean_events": {
        "latency": 0.03741966709473501
    },
    "commit": "15b4d9e62d227fdea4b2a04c13c473be22151c2f",
    "additional_info": {}
}