{
    "incremental_events": {
        "generated_task": 2250075,
        "computed_task": 1701670,
        "discarded_task": 548405,
        "task_lost_rate": 24.37274313078453
    },
    "mean_events": {
        "latency": 0.0850766832731234
    },
    "commit": "15b4d9e62d227fdea4b2a04c13c473be22151c2f",
    "additional_info": {}
}