{
    "incremental_events": {
        "generated_task": 7500125,
        "discarded_task": 4196211,
        "computed_task": 3303871,
        "task_lost_rate": 55.948868292373334
    },
    "mean_events": {
        "latency": 0.08386182582646251
    },
    "commit": "15b4d9e62d227fdea4b2a04c13c473be22151c2f",
    "additional_info": {}
}