{
    "incremental_events": {
        "generated_task": 3750075,
        "computed_task": 3229886,
        "discarded_task": 520189,
        "task_lost_rate": 13.871429238081905
    },
    "mean_events": {
        "latency": 0.08655352099971574
    },
    "commit": "15b4d9e62d227fdea4b2a04c13c473be22151c2f",
    "additional_info": {}
}