{
    "incremental_events": {
        "generated_task": 4500075,
        "computed_task": 3859145,
        "discarded_task": 640930,
        "task_lost_rate": 14.242651511363698
    },
    "mean_events": {
        "latency": 0.08646631901147586
    },
    "commit": "15b4d9e62d227fdea4b2a04c13c473be22151c2f",
    "additional_info": {}
}