{
    "incremental_events": {
        "generated_task": 3750075,
        "discarded_task": 3298157,
        "computed_task": 451835,
        "task_lost_rate": 87.95104096222072
    },
    "mean_events": {
        "latency": 0.04833122906667605
    },
    "commit": "15b4d9e62d227fdea4b2a04c13c473be22151c2f",
    "additional_info": {}
}