{
    "incremental_events": {
        "generated_task": 750075,
        "discarded_task": 485433,
        "computed_task": 264636,
        "task_lost_rate": 64.71844590297692
    },
    "mean_events": {
        "latency": 0.0693025986683373
    },
    "commit": "15b4d9e62d227fdea4b2a04c13c473be22151c2f",
    "additional_info": {}
}