{
    "incremental_events": {
        "generated_task": 3750125,
        "computed_task": 341937,
        "discarded_task": 3408047,
        "task_lost_rate": 90.88164109500201
    },
    "mean_events": {
        "latency": 0.05746116577911576
    },
    "commit": "15b4d9e62d227fdea4b2a04c13c473be22151c2f",
    "additional_info": {}
}