{
    "incremental_events": {
        "generated_task": 1500075,
        "discarded_task": 530718,
        "computed_task": 969356,
        "task_lost_rate": 35.3794546135724
    },
    "mean_events": {
        "latency": 0.08294158629469849
    },
    "commit": "15b4d9e62d227fdea4b2a04c13c473be22151c2f",
    "additional_info": {}
}