{
    "incremental_events": {
        "generated_task": 6250125,
        "discarded_task": 3406503,
        "computed_task": 2843572,
        "task_lost_rate": 54.503393959272486
    },
    "mean_events": {
        "latency": 0.08660035538244837
    },
    "commit": "15b4d9e62d227fdea4b2a04c13c473be22151c2f",
    "additional_info": {}
}