{
    "incremental_events": {
        "generated_task": 2250075,
        "discarded_task": 557456,
        "computed_task": 1692609,
        "task_lost_rate": 24.77510649692342
    },
    "mean_events": {
        "latency": 0.08484800661818125
    },
    "commit": "15b4d9e62d227fdea4b2a04c13c473be22151c2f",
    "additional_info": {}
}