{
    "incremental_events": {
        "generated_task": 3000075,
        "computed_task": 2431268,
        "discarded_task": 568806,
        "task_lost_rate": 18.95973232660261
    },
    "mean_events": {
        "latency": 0.08596924833361456
    },
    "commit": "15b4d9e62d227fdea4b2a04c13c473be22151c2f",
    "additional_info": {}
}