{
    "incremental_events": {
        "generated_task": 6250125,
        "computed_task": 441937,
        "discarded_task": 5808047,
        "task_lost_rate": 92.92898989821414
    },
    "mean_events": {
        "latency": 0.04740089759719545
    },
    "commit": "15b4d9e62d227fdea4b2a04c13c473be22151c2f",
    "additional_info": {}
}