{
    "incremental_events": {
        "generated_task": 8750125,
        "discarded_task": 4862623,
        "computed_task": 3887443,
        "task_lost_rate": 55.57241511092602
    },
    "mean_events": {
        "latency": 0.08458298423485601
    },
    "commit": "15b4d9e62d227fdea4b2a04c13c473be22151c2f",
    "additional_info": {}
}