{
    "incremental_events": {
        "generated_task": 3000075,
        "discarded_task": 596365,
        "computed_task": 2403709,
        "task_lost_rate": 19.878343000872643
    },
    "mean_events": {
        "latency": 0.08500520969243305
    },
    "commit": "15b4d9e62d227fdea4b2a04c13c473be22151c2f",
    "additional_info": {}
}