{
    "incremental_events": {
        "generated_task": 6000075,
        "discarded_task": 708154,
        "computed_task": 5291921,
        "task_lost_rate": 11.802419136427462
    },
    "mean_events": {
        "latency": 0.08627992883977774
    },
    "commit": "15b4d9e62d227fdea4b2a04c13c473be22151c2f",
    "additional_info": {}
}