{
    "incremental_events": {
        "generated_task": 525035,
        "computed_task": 516754,
        "discarded_task": 8281,
        "task_lost_rate": 1.577228184787681
    },
    "mean_events": {
        "latency": 0.05200984470418685
    },
    "commit": "15b4d9e62d227fdea4b2a04c13c473be22151c2f",
    "additional_info": {}
}