{
    "incremental_events": {
        "generated_task": 875035,
        "computed_task": 860294,
        "discarded_task": 14741,
        "task_lost_rate": 1.684618329552532
    },
    "mean_events": {
        "latency": 0.05076969584182727
    },
    "commit": "15b4d9e62d227fdea4b2a04c13c473be22151c2f",
    "additional_info": {}
}