{
    "incremental_events": {
        "generated_task": 700035,
        "computed_task": 688384,
        "discarded_task": 11651,
        "task_lost_rate": 1.6643453541608635
    },
    "mean_events": {
        "latency": 0.05066512627409077
    },
    "commit": "15b4d9e62d227fdea4b2a04c13c473be22151c2f",
    "additional_info": {}
}