{
    "incremental_events": {
        "generated_task": 350035,
        "computed_task": 343126,
        "discarded_task": 6904,
        "task_lost_rate": 1.9724023655115275
    },
    "mean_events": {
        "latency": 0.0532814864030044
    },
    "commit": "15b4d9e62d227fdea4b2a04c13c473be22151c2f",
    "additional_info": {}
}