{
    "incremental_events": {
        "generated_task": 875035,
        "computed_task": 860093,
        "discarded_task": 14942,
        "task_lost_rate": 1.7075888393035705
    },
    "mean_events": {
        "latency": 0.05101474169544314
    },
    "commit": "15b4d9e62d227fdea4b2a04c13c473be22151c2f",
    "additional_info": {}
}