{
    "incremental_events": {
        "generated_task": 175035,
        "computed_task": 171842,
        "discarded_task": 3193,
        "task_lost_rate": 1.8242065872539779
    },
    "mean_events": {
        "latency": 0.05143217898782114
    },
    "commit": "15b4d9e62d227fdea4b2a04c13c473be22151c2f",
    "additional_info": {}
}