{
    "incremental_events": {
        "generated_task": 875035,
        "computed_task": 862159,
        "discarded_task": 12876,
        "task_lost_rate": 1.471483997782946
    },
    "mean_events": {
        "latency": 0.05152063590842425
    },
    "commit": "15b4d9e62d227fdea4b2a04c13c473be22151c2f",
    "additional_info": {}
}