{
    "incremental_events": {
        "generated_task": 175035,
        "computed_task": 172003,
        "discarded_task": 3027,
        "task_lost_rate": 1.7294178140890133
    },
    "mean_events": {
        "latency": 0.051203370268682824
    },
    "commit": "15b4d9e62d227fdea4b2a04c13c473be22151c2f",
    "additional_info": {}
}