{
    "incremental_events": {
        "generated_task": 525035,
        "computed_task": 515586,
        "discarded_task": 9449,
        "task_lost_rate": 1.7996895445065566
    },
    "mean_events": {
        "latency": 0.05236182684733812
    },
    "commit": "15b4d9e62d227fdea4b2a04c13c473be22151c2f",
    "additional_info": {}
}