{
    "incremental_events": {
        "generated_task": 175035,
        "computed_task": 172184,
        "discarded_task": 2851,
        "task_lost_rate": 1.6288170937241122
    },
    "mean_events": {
        "latency": 0.052582131783484864
    },
    "commit": "15b4d9e62d227fdea4b2a04c13c473be22151c2f",
    "additional_info": {}
}