{
    "incremental_events": {
        "generated_task": 525035,
        "computed_task": 515520,
        "discarded_task": 9515,
        "task_lost_rate": 1.8122601350386163
    },
    "mean_events": {
        "latency": 0.05104782398392548
    },
    "commit": "15b4d9e62d227fdea4b2a04c13c473be22151c2f",
    "additional_info": {}
}