{
    "incremental_events": {
        "generated_task": 1225035,
        "computed_task": 1206634,
        "discarded_task": 18401,
        "task_lost_rate": 1.5020795324215226
    },
    "mean_events": {
        "latency": 0.05105673494689404
    },
    "commit": "15b4d9e62d227fdea4b2a04c13c473be22151c2f",
    "additional_info": {}
}