{
    "incremental_events": {
        "generated_task": 1050035,
        "computed_task": 1032120,
        "discarded_task": 17914,
        "task_lost_rate": 1.7060399948954035
    },
    "mean_events": {
        "latency": 0.051545426101310736
    },
    "commit": "15b4d9e62d227fdea4b2a04c13c473be22151c2f",
    "additional_info": {}
}