{
    "incremental_events": {
        "generated_task": 1050035,
        "computed_task": 1031356,
        "discarded_task": 18674,
        "task_lost_rate": 1.7784253783225241
    },
    "mean_events": {
        "latency": 0.050931957822484705
    },
    "commit": "15b4d9e62d227fdea4b2a04c13c473be22151c2f",
    "additional_info": {}
}