{
    "incremental_events": {
        "generated_task": 3000075,
        "computed_task": 1764479,
        "discarded_task": 1235576,
        "task_lost_rate": 41.185111606287215
    },
    "mean_events": {
        "latency": 0.08461541707344765
    },
    "commit": "15b4d9e62d227fdea4b2a04c13c473be22151c2f",
    "additional_info": {}
}