{
    "incremental_events": {
        "generated_task": 1500075,
        "computed_task": 834969,
        "discarded_task": 665095,
        "task_lost_rate": 44.33777492160335
    },
    "mean_events": {
        "latency": 0.08223201510268535
    },
    "commit": "15b4d9e62d227fdea4b2a04c13c473be22151c2f",
    "additional_info": {}
}