{
    "incremental_events": {
        "generated_task": 6000075,
        "computed_task": 3956495,
        "discarded_task": 2043569,
        "task_lost_rate": 34.059120036052946
    },
    "mean_events": {
        "latency": 0.08669234941776159
    },
    "commit": "15b4d9e62d227fdea4b2a04c13c473be22151c2f",
    "additional_info": {}
}