{
    "incremental_events": {
        "generated_task": 1500075,
        "computed_task": 739197,
        "discarded_task": 760857,
        "task_lost_rate": 50.721974008935675
    },
    "mean_events": {
        "latency": 0.08005445922623354
    },
    "commit": "15b4d9e62d227fdea4b2a04c13c473be22151c2f",
    "additional_info": {}
}