{
    "incremental_events": {
        "generated_task": 1500075,
        "computed_task": 816267,
        "discarded_task": 683802,
        "task_lost_rate": 45.58470310365723
    },
    "mean_events": {
        "latency": 0.08242364171772854
    },
    "commit": "15b4d9e62d227fdea4b2a04c13c473be22151c2f",
    "additional_info": {}
}