{
    "incremental_events": {
        "generated_task": 6750075,
        "discarded_task": 2277005,
        "computed_task": 4473063,
        "task_lost_rate": 33.73306757798588
    },
    "mean_events": {
        "latency": 0.08719822416397337
    },
    "commit": "15b4d9e62d227fdea4b2a04c13c473be22151c2f",
    "additional_info": {}
}