{
    "incremental_events": {
        "generated_task": 4500075,
        "computed_task": 2910178,
        "discarded_task": 1589896,
        "task_lost_rate": 35.33044123274418
    },
    "mean_events": {
        "latency": 0.08616892818185422
    },
    "commit": "15b4d9e62d227fdea4b2a04c13c473be22151c2f",
    "additional_info": {}
}