{
    "incremental_events": {
        "generated_task": 750075,
        "discarded_task": 437886,
        "computed_task": 312149,
        "task_lost_rate": 58.382075503143184
    },
    "mean_events": {
        "latency": 0.07462622329628105
    },
    "commit": "15b4d9e62d227fdea4b2a04c13c473be22151c2f",
    "additional_info": {}
}