{
    "incremental_events": {
        "generated_task": 2250075,
        "computed_task": 1322968,
        "discarded_task": 927085,
        "task_lost_rate": 41.2028072227632
    },
    "mean_events": {
        "latency": 0.08387852319972473
    },
    "commit": "15b4d9e62d227fdea4b2a04c13c473be22151c2f",
    "additional_info": {}
}