{
    "incremental_events": {
        "generated_task": 3750075,
        "computed_task": 2387986,
        "discarded_task": 1362078,
        "task_lost_rate": 36.32146011374739
    },
    "mean_events": {
        "latency": 0.08573559909867504
    },
    "commit": "15b4d9e62d227fdea4b2a04c13c473be22151c2f",
    "additional_info": {}
}