{
    "incremental_events": {
        "generated_task": 4500075,
        "discarded_task": 1600625,
        "computed_task": 2899427,
        "task_lost_rate": 35.56903342450265
    },
    "mean_events": {
        "latency": 0.08668962079991051
    },
    "commit": "15b4d9e62d227fdea4b2a04c13c473be22151c2f",
    "additional_info": {}
}