{
    "incremental_events": {
        "generated_task": 3000075,
        "computed_task": 1836516,
        "discarded_task": 1163558,
        "task_lost_rate": 38.78430998702032
    },
    "mean_events": {
        "latency": 0.0847620406727319
    },
    "commit": "15b4d9e62d227fdea4b2a04c13c473be22151c2f",
    "additional_info": {}
}