{
    "incremental_events": {
        "generated_task": 4500075,
        "computed_task": 2883530,
        "discarded_task": 1616533,
        "task_lost_rate": 35.92245264121858
    },
    "mean_events": {
        "latency": 0.08593776930781351
    },
    "commit": "15b4d9e62d227fdea4b2a04c13c473be22151c2f",
    "additional_info": {}
}