{
    "incremental_events": {
        "generated_task": 3750075,
        "computed_task": 2355769,
        "discarded_task": 1394305,
        "task_lost_rate": 37.180732966869456
    },
    "mean_events": {
        "latency": 0.08544024248345555
    },
    "commit": "15b4d9e62d227fdea4b2a04c13c473be22151c2f",
    "additional_info": {}
}