{
    "incremental_events": {
        "generated_task": 6750075,
        "computed_task": 4451335,
        "discarded_task": 2298724,
        "task_lost_rate": 34.054872705557095
    },
    "mean_events": {
        "latency": 0.08671765248753673
    },
    "commit": "15b4d9e62d227fdea4b2a04c13c473be22151c2f",
    "additional_info": {}
}