{
    "incremental_events": {
        "generated_task": 4500075,
        "computed_task": 2807610,
        "discarded_task": 1692454,
        "task_lost_rate": 37.609553997454256
    },
    "mean_events": {
        "latency": 0.08590666741706543
    },
    "commit": "15b4d9e62d227fdea4b2a04c13c473be22151c2f",
    "additional_info": {}
}