{
    "incremental_events": {
        "generated_task": 5250075,
        "computed_task": 3332167,
        "discarded_task": 1917902,
        "task_lost_rate": 36.53098654512922
    },
    "mean_events": {
        "latency": 0.08626166581896849
    },
    "commit": "15b4d9e62d227fdea4b2a04c13c473be22151c2f",
    "additional_info": {}
}