{
    "incremental_events": {
        "generated_task": 5250075,
        "computed_task": 3403410,
        "discarded_task": 1846654,
        "task_lost_rate": 35.17393311776771
    },
    "mean_events": {
        "latency": 0.08627417301724898
    },
    "commit": "15b4d9e62d227fdea4b2a04c13c473be22151c2f",
    "additional_info": {}
}