{
    "incremental_events": {
        "generated_task": 5250075,
        "computed_task": 3433505,
        "discarded_task": 1816554,
        "task_lost_rate": 34.60063972614403
    },
    "mean_events": {
        "latency": 0.08647184276031289
    },
    "commit": "15b4d9e62d227fdea4b2a04c13c473be22151c2f",
    "additional_info": {}
}