{
    "incremental_events": {
        "generated_task": 6750075,
        "computed_task": 4374930,
        "discarded_task": 2375138,
        "task_lost_rate": 35.18687515444289
    },
    "mean_events": {
        "latency": 0.08670286719462314
    },
    "commit": "15b4d9e62d227fdea4b2a04c13c473be22151c2f",
    "additional_info": {}
}