{
    "incremental_events": {
        "generated_task": 750075,
        "computed_task": 329693,
        "discarded_task": 420370,
        "task_lost_rate": 56.044625584784214
    },
    "mean_events": {
        "latency": 0.07477929018811535
    },
    "commit": "15b4d9e62d227fdea4b2a04c13c473be22151c2f",
    "additional_info": {}
}