{
    "incremental_events": {
        "generated_task": 6750075,
        "computed_task": 4476300,
        "discarded_task": 2273765,
        "task_lost_rate": 33.68508303253376
    },
    "mean_events": {
        "latency": 0.0868655455351058
    },
    "commit": "15b4d9e62d227fdea4b2a04c13c473be22151c2f",
    "additional_info": {}
}