{
    "incremental_events": {
        "generated_task": 2250075,
        "computed_task": 1346555,
        "discarded_task": 903503,
        "task_lost_rate": 40.154653791146714
    },
    "mean_events": {
        "latency": 0.08392691534254541
    },
    "commit": "15b4d9e62d227fdea4b2a04c13c473be22151c2f",
    "additional_info": {}
}